/*
 Navicat MySQL Data Transfer

 Source Server         : localhost
 Source Server Type    : MySQL
 Source Server Version : 50721
 Source Host           : localhost
 Source Database       : information

 Target Server Type    : MySQL
 Target Server Version : 50721
 File Encoding         : utf-8

 Date: 04/16/2018 17:53:34 PM
*/

SET NAMES utf8;
SET FOREIGN_KEY_CHECKS = 0;

-- ----------------------------
--  Table structure for `tp_admin_access`
-- ----------------------------
DROP TABLE IF EXISTS `tp_admin_access`;
CREATE TABLE `tp_admin_access` (
  `role_id` smallint(6) unsigned NOT NULL DEFAULT '0',
  `node_id` smallint(6) unsigned NOT NULL DEFAULT '0',
  `level` tinyint(1) unsigned NOT NULL DEFAULT '0',
  `pid` smallint(6) unsigned NOT NULL DEFAULT '0',
  KEY `groupId` (`role_id`),
  KEY `nodeId` (`node_id`)
) ENGINE=MyISAM DEFAULT CHARSET=utf8 ROW_FORMAT=DYNAMIC;

-- ----------------------------
--  Table structure for `tp_admin_group`
-- ----------------------------
DROP TABLE IF EXISTS `tp_admin_group`;
CREATE TABLE `tp_admin_group` (
  `id` smallint(3) unsigned NOT NULL AUTO_INCREMENT,
  `name` varchar(50) NOT NULL DEFAULT '',
  `icon` varchar(255) NOT NULL DEFAULT '' COMMENT 'icon小图标',
  `sort` int(11) unsigned NOT NULL DEFAULT '50',
  `status` tinyint(1) unsigned NOT NULL DEFAULT '1',
  `remark` varchar(255) NOT NULL DEFAULT '',
  `isdelete` tinyint(1) unsigned NOT NULL DEFAULT '0',
  `create_time` int(11) unsigned NOT NULL DEFAULT '0',
  `update_time` int(11) unsigned NOT NULL DEFAULT '0',
  PRIMARY KEY (`id`),
  KEY `sort` (`sort`)
) ENGINE=MyISAM AUTO_INCREMENT=7 DEFAULT CHARSET=utf8 ROW_FORMAT=DYNAMIC;

-- ----------------------------
--  Records of `tp_admin_group`
-- ----------------------------
BEGIN;
INSERT INTO `tp_admin_group` VALUES ('1', '系统管理', '&#xe61d;', '2', '1', '', '0', '1450752856', '1481180175'), ('2', '工具', '&#xe616;', '3', '1', '', '0', '1476016712', '1481180175'), ('3', '学生信息', '', '4', '1', '', '0', '1523869891', '1523869891'), ('4', '学院信息', '', '5', '1', '', '0', '1523871524', '1523871524'), ('5', '专业信息', '', '6', '1', '', '0', '1523871534', '1523871534'), ('6', '班级信息', '', '7', '1', '', '0', '1523871553', '1523871553');
COMMIT;

-- ----------------------------
--  Table structure for `tp_admin_node`
-- ----------------------------
DROP TABLE IF EXISTS `tp_admin_node`;
CREATE TABLE `tp_admin_node` (
  `id` smallint(6) unsigned NOT NULL AUTO_INCREMENT,
  `pid` smallint(6) unsigned NOT NULL DEFAULT '0',
  `group_id` tinyint(3) unsigned NOT NULL DEFAULT '0',
  `name` varchar(255) NOT NULL DEFAULT '',
  `title` varchar(50) NOT NULL DEFAULT '',
  `remark` varchar(255) NOT NULL DEFAULT '',
  `level` tinyint(1) unsigned NOT NULL DEFAULT '0',
  `type` tinyint(1) unsigned NOT NULL DEFAULT '1' COMMENT '节点类型，1-控制器 | 0-方法',
  `sort` smallint(6) unsigned NOT NULL DEFAULT '50',
  `status` tinyint(1) NOT NULL DEFAULT '0',
  `isdelete` tinyint(1) unsigned NOT NULL DEFAULT '0',
  PRIMARY KEY (`id`),
  KEY `level` (`level`),
  KEY `pid` (`pid`),
  KEY `status` (`status`),
  KEY `name` (`name`),
  KEY `isdelete` (`isdelete`),
  KEY `sort` (`sort`),
  KEY `group_id` (`group_id`)
) ENGINE=MyISAM AUTO_INCREMENT=67 DEFAULT CHARSET=utf8 ROW_FORMAT=DYNAMIC;

-- ----------------------------
--  Records of `tp_admin_node`
-- ----------------------------
BEGIN;
INSERT INTO `tp_admin_node` VALUES ('1', '0', '1', 'Admin', '后台管理', '后台管理，不可更改', '1', '1', '1', '1', '0'), ('2', '1', '1', 'AdminGroup', '分组管理', ' ', '2', '1', '1', '1', '0'), ('3', '1', '1', 'AdminNode', '节点管理', ' ', '2', '1', '2', '1', '0'), ('4', '1', '1', 'AdminRole', '角色管理', ' ', '2', '1', '3', '1', '0'), ('5', '1', '1', 'AdminUser', '用户管理', '', '2', '1', '4', '1', '0'), ('6', '1', '0', 'Index', '首页', '', '2', '1', '50', '1', '0'), ('7', '6', '0', 'welcome', '欢迎页', '', '3', '0', '50', '1', '0'), ('8', '6', '0', 'index', '未定义', '', '3', '0', '50', '1', '0'), ('9', '1', '2', 'Generate', '代码自动生成', '', '2', '1', '50', '1', '0'), ('10', '1', '2', 'Demo/excel', 'Excel一键导出', '', '2', '0', '2', '1', '0'), ('11', '1', '2', 'Demo/download', '下载', '', '2', '0', '3', '1', '0'), ('12', '1', '2', 'Demo/downloadImage', '远程图片下载', '', '2', '0', '4', '1', '0'), ('13', '1', '2', 'Demo/mail', '邮件发送', '', '2', '0', '5', '1', '0'), ('14', '1', '2', 'Demo/qiniu', '七牛上传', '', '2', '0', '6', '1', '0'), ('15', '1', '2', 'Demo/hashids', 'ID加密', '', '2', '0', '7', '1', '0'), ('16', '1', '2', 'Demo/layer', '丰富弹层', '', '2', '0', '8', '1', '0'), ('17', '1', '2', 'Demo/tableFixed', '表格溢出', '', '2', '0', '9', '1', '0'), ('18', '1', '2', 'Demo/ueditor', '百度编辑器', '', '2', '0', '10', '1', '0'), ('19', '1', '2', 'Demo/imageUpload', '图片上传', '', '2', '0', '11', '1', '0'), ('20', '1', '2', 'Demo/qrcode', '二维码生成', '', '2', '0', '12', '1', '0'), ('21', '1', '1', 'NodeMap', '节点图', '', '2', '1', '5', '1', '0'), ('22', '1', '1', 'WebLog', '操作日志', '', '2', '1', '6', '1', '0'), ('23', '1', '1', 'LoginLog', '登录日志', '', '2', '1', '7', '1', '0'), ('59', '1', '2', 'one.two.three.Four/index', '多级节点', '', '2', '0', '50', '1', '0'), ('24', '23', '0', 'index', '首页', '', '3', '0', '50', '1', '0'), ('25', '22', '0', 'index', '列表', '', '3', '0', '50', '1', '0'), ('26', '22', '0', 'detail', '详情', '', '3', '0', '50', '1', '0'), ('27', '21', '0', 'load', '自动导入', '', '3', '0', '50', '1', '0'), ('28', '21', '0', 'index', '首页', '', '3', '0', '50', '1', '0'), ('29', '5', '0', 'add', '添加', '', '3', '0', '51', '1', '0'), ('30', '21', '0', 'edit', '编辑', '', '3', '0', '50', '1', '0'), ('31', '21', '0', 'deleteForever', '永久删除', '', '3', '0', '50', '1', '0'), ('32', '9', '0', 'index', '首页', '', '3', '0', '50', '1', '0'), ('33', '9', '0', 'generate', '生成方法', '', '3', '0', '50', '1', '0'), ('34', '5', '0', 'password', '修改密码', '', '3', '0', '50', '1', '0'), ('35', '5', '0', 'index', '首页', '', '3', '0', '50', '1', '0'), ('36', '5', '0', 'add', '添加', '', '3', '0', '50', '1', '0'), ('37', '5', '0', 'edit', '编辑', '', '3', '0', '50', '1', '0'), ('38', '4', '0', 'user', '用户列表', '', '3', '0', '50', '1', '0'), ('39', '4', '0', 'access', '授权', '', '3', '0', '50', '1', '0'), ('40', '4', '0', 'index', '首页', '', '3', '0', '50', '1', '0'), ('41', '4', '0', 'add', '添加', '', '3', '0', '50', '1', '0'), ('42', '4', '0', 'edit', '编辑', '', '3', '0', '50', '1', '0'), ('43', '4', '0', 'forbid', '默认禁用操作', '', '3', '0', '50', '1', '0'), ('44', '4', '0', 'resume', '默认恢复操作', '', '3', '0', '50', '1', '0'), ('45', '3', '0', 'load', '节点快速导入测试', '', '3', '0', '50', '1', '0'), ('46', '3', '0', 'index', '首页', '', '3', '0', '50', '1', '0'), ('47', '3', '0', 'add', '添加', '', '3', '0', '50', '1', '0'), ('48', '3', '0', 'edit', '编辑', '', '3', '0', '50', '1', '0'), ('49', '3', '0', 'forbid', '默认禁用操作', '', '3', '0', '50', '1', '0'), ('50', '3', '0', 'resume', '默认恢复操作', '', '3', '0', '50', '1', '0'), ('51', '2', '0', 'index', '首页', '', '3', '0', '50', '1', '0'), ('52', '2', '0', 'add', '添加', '', '3', '0', '50', '1', '0'), ('53', '2', '0', 'edit', '编辑', '', '3', '0', '50', '1', '0'), ('54', '2', '0', 'forbid', '默认禁用操作', '', '3', '0', '51', '1', '0'), ('55', '2', '0', 'resume', '默认恢复操作', '', '3', '0', '50', '1', '0'), ('56', '1', '2', 'one', '一级菜单', '', '2', '1', '13', '1', '0'), ('60', '56', '2', 'two', '二级', '', '3', '1', '50', '1', '0'), ('61', '60', '2', 'three', '三级菜单', '', '4', '1', '50', '1', '0'), ('62', '61', '2', 'Four', '四级菜单', '', '5', '1', '50', '1', '0'), ('63', '1', '3', 'StudentInformation', '学生信息', '', '2', '1', '2', '1', '0'), ('64', '1', '4', 'Collage', '学院信息', '', '2', '1', '50', '1', '0'), ('65', '1', '5', 'Profession', '专业信息', '', '2', '1', '50', '1', '0'), ('66', '1', '6', 'ClassInfor', '班级信息', '', '2', '1', '50', '1', '0');
COMMIT;

-- ----------------------------
--  Table structure for `tp_admin_node_load`
-- ----------------------------
DROP TABLE IF EXISTS `tp_admin_node_load`;
CREATE TABLE `tp_admin_node_load` (
  `id` int(10) unsigned NOT NULL AUTO_INCREMENT COMMENT 'ID',
  `title` varchar(255) NOT NULL DEFAULT '' COMMENT '标题',
  `name` varchar(255) NOT NULL DEFAULT '' COMMENT '名称',
  `status` tinyint(4) unsigned NOT NULL DEFAULT '1' COMMENT '状态',
  PRIMARY KEY (`id`)
) ENGINE=InnoDB AUTO_INCREMENT=8 DEFAULT CHARSET=utf8 COMMENT='节点快速导入';

-- ----------------------------
--  Records of `tp_admin_node_load`
-- ----------------------------
BEGIN;
INSERT INTO `tp_admin_node_load` VALUES ('4', '编辑', 'edit', '1'), ('5', '添加', 'add', '1'), ('6', '首页', 'index', '1'), ('7', '删除', 'delete', '1');
COMMIT;

-- ----------------------------
--  Table structure for `tp_admin_role`
-- ----------------------------
DROP TABLE IF EXISTS `tp_admin_role`;
CREATE TABLE `tp_admin_role` (
  `id` smallint(6) unsigned NOT NULL AUTO_INCREMENT,
  `pid` smallint(6) unsigned NOT NULL DEFAULT '0' COMMENT '父级id',
  `name` varchar(20) NOT NULL DEFAULT '' COMMENT '名称',
  `remark` varchar(255) NOT NULL DEFAULT '' COMMENT '备注',
  `status` tinyint(1) unsigned NOT NULL DEFAULT '1' COMMENT '状态',
  `isdelete` tinyint(1) unsigned NOT NULL DEFAULT '0',
  `create_time` int(11) unsigned NOT NULL DEFAULT '0',
  `update_time` int(11) unsigned NOT NULL DEFAULT '0',
  PRIMARY KEY (`id`),
  KEY `parentId` (`pid`),
  KEY `status` (`status`),
  KEY `isdelete` (`isdelete`)
) ENGINE=MyISAM AUTO_INCREMENT=3 DEFAULT CHARSET=utf8 ROW_FORMAT=DYNAMIC;

-- ----------------------------
--  Records of `tp_admin_role`
-- ----------------------------
BEGIN;
INSERT INTO `tp_admin_role` VALUES ('1', '0', '领导组', ' ', '1', '0', '1208784792', '1254325558'), ('2', '0', '网编组', ' ', '0', '0', '1215496283', '1454049929');
COMMIT;

-- ----------------------------
--  Table structure for `tp_admin_role_user`
-- ----------------------------
DROP TABLE IF EXISTS `tp_admin_role_user`;
CREATE TABLE `tp_admin_role_user` (
  `role_id` mediumint(9) unsigned DEFAULT NULL,
  `user_id` char(32) DEFAULT NULL,
  KEY `group_id` (`role_id`),
  KEY `user_id` (`user_id`)
) ENGINE=MyISAM DEFAULT CHARSET=utf8 ROW_FORMAT=FIXED;

-- ----------------------------
--  Table structure for `tp_admin_user`
-- ----------------------------
DROP TABLE IF EXISTS `tp_admin_user`;
CREATE TABLE `tp_admin_user` (
  `id` mediumint(8) unsigned NOT NULL AUTO_INCREMENT,
  `account` char(32) NOT NULL DEFAULT '',
  `realname` varchar(255) NOT NULL DEFAULT '',
  `password` char(32) NOT NULL DEFAULT '',
  `last_login_time` int(11) unsigned NOT NULL DEFAULT '0',
  `last_login_ip` char(15) NOT NULL DEFAULT '',
  `login_count` mediumint(8) unsigned NOT NULL DEFAULT '0',
  `email` varchar(50) NOT NULL DEFAULT '',
  `mobile` char(11) NOT NULL DEFAULT '',
  `remark` varchar(255) NOT NULL DEFAULT '',
  `status` tinyint(1) unsigned NOT NULL DEFAULT '50',
  `isdelete` tinyint(1) unsigned NOT NULL DEFAULT '0',
  `create_time` int(11) unsigned NOT NULL DEFAULT '0',
  `update_time` int(11) unsigned NOT NULL DEFAULT '0',
  PRIMARY KEY (`id`),
  KEY `accountpassword` (`account`,`password`)
) ENGINE=MyISAM AUTO_INCREMENT=3 DEFAULT CHARSET=utf8 ROW_FORMAT=DYNAMIC;

-- ----------------------------
--  Records of `tp_admin_user`
-- ----------------------------
BEGIN;
INSERT INTO `tp_admin_user` VALUES ('1', 'admin', '超级管理员', 'e10adc3949ba59abbe56e057f20f883e', '1523868149', '127.0.0.1', '2', 'tianpian0805@gmail.com', '13121126169', '我是超级管理员', '1', '0', '1222907803', '1451033528'), ('2', 'demo', '测试', 'e10adc3949ba59abbe56e057f20f883e', '1481206367', '127.0.0.1', '1', '', '', '', '1', '0', '1476777133', '1477399793');
COMMIT;

-- ----------------------------
--  Table structure for `tp_class_infor`
-- ----------------------------
DROP TABLE IF EXISTS `tp_class_infor`;
CREATE TABLE `tp_class_infor` (
  `id` bigint(10) NOT NULL AUTO_INCREMENT,
  `class_name` varchar(255) DEFAULT NULL COMMENT '班级',
  `profession_id` bigint(10) DEFAULT NULL COMMENT '专业id',
  `collage_id` bigint(10) DEFAULT NULL COMMENT '学院id',
  `status` tinyint(10) DEFAULT '1',
  `is_delete` tinyint(10) DEFAULT '0',
  `update_time` int(11) DEFAULT NULL,
  `create_time` int(11) DEFAULT NULL,
  `delete_time` int(11) DEFAULT NULL,
  PRIMARY KEY (`id`)
) ENGINE=InnoDB AUTO_INCREMENT=2 DEFAULT CHARSET=utf8 COMMENT='班级表';

-- ----------------------------
--  Records of `tp_class_infor`
-- ----------------------------
BEGIN;
INSERT INTO `tp_class_infor` VALUES ('1', '14软一', '1', '1', '1', '0', '1523872091', '1523872091', null);
COMMIT;

-- ----------------------------
--  Table structure for `tp_collage`
-- ----------------------------
DROP TABLE IF EXISTS `tp_collage`;
CREATE TABLE `tp_collage` (
  `id` bigint(20) NOT NULL AUTO_INCREMENT COMMENT '学院编号',
  `collage_name` varchar(255) DEFAULT NULL COMMENT '学院名称',
  `status` tinyint(10) DEFAULT '1',
  `is_delete` tinyint(10) DEFAULT '0',
  `update_time` int(11) DEFAULT NULL COMMENT '修改时间',
  `create_time` int(11) DEFAULT NULL COMMENT '创建时间',
  `delete_time` int(11) DEFAULT NULL,
  PRIMARY KEY (`id`)
) ENGINE=InnoDB AUTO_INCREMENT=2 DEFAULT CHARSET=utf8 COMMENT='学院表';

-- ----------------------------
--  Records of `tp_collage`
-- ----------------------------
BEGIN;
INSERT INTO `tp_collage` VALUES ('1', '河北大学工商学院', '1', '0', '1523872028', '1523872028', null);
COMMIT;

-- ----------------------------
--  Table structure for `tp_file`
-- ----------------------------
DROP TABLE IF EXISTS `tp_file`;
CREATE TABLE `tp_file` (
  `id` int(10) unsigned NOT NULL AUTO_INCREMENT,
  `cate` tinyint(3) unsigned NOT NULL DEFAULT '1' COMMENT '文件类型，1-image | 2-file',
  `name` varchar(255) NOT NULL DEFAULT '' COMMENT '文件名',
  `original` varchar(255) NOT NULL DEFAULT '' COMMENT '原文件名',
  `domain` varchar(255) NOT NULL DEFAULT '',
  `type` varchar(255) NOT NULL DEFAULT '',
  `size` int(10) unsigned NOT NULL DEFAULT '0',
  `mtime` int(10) unsigned NOT NULL DEFAULT '0',
  PRIMARY KEY (`id`)
) ENGINE=InnoDB DEFAULT CHARSET=utf8;

-- ----------------------------
--  Table structure for `tp_login_log`
-- ----------------------------
DROP TABLE IF EXISTS `tp_login_log`;
CREATE TABLE `tp_login_log` (
  `id` int(10) unsigned NOT NULL AUTO_INCREMENT,
  `uid` mediumint(8) unsigned NOT NULL DEFAULT '0',
  `login_ip` char(15) NOT NULL DEFAULT '',
  `login_location` varchar(255) NOT NULL DEFAULT '',
  `login_browser` varchar(255) NOT NULL DEFAULT '',
  `login_os` varchar(255) NOT NULL DEFAULT '',
  `login_time` timestamp NOT NULL DEFAULT CURRENT_TIMESTAMP ON UPDATE CURRENT_TIMESTAMP,
  PRIMARY KEY (`id`),
  KEY `uid` (`uid`)
) ENGINE=InnoDB AUTO_INCREMENT=3 DEFAULT CHARSET=utf8;

-- ----------------------------
--  Records of `tp_login_log`
-- ----------------------------
BEGIN;
INSERT INTO `tp_login_log` VALUES ('1', '1', '127.0.0.1', '本机地址 本机地址  ', 'Firefox(59.0)', 'Mac', '2018-04-14 10:29:42'), ('2', '1', '127.0.0.1', '本机地址 本机地址  ', 'Firefox(59.0)', 'Mac', '2018-04-16 16:42:29');
COMMIT;

-- ----------------------------
--  Table structure for `tp_node_map`
-- ----------------------------
DROP TABLE IF EXISTS `tp_node_map`;
CREATE TABLE `tp_node_map` (
  `id` int(10) unsigned NOT NULL AUTO_INCREMENT,
  `module` varchar(255) NOT NULL DEFAULT '' COMMENT '模块',
  `controller` varchar(255) NOT NULL DEFAULT '' COMMENT '控制器',
  `action` varchar(255) NOT NULL DEFAULT '' COMMENT '方法',
  `method` char(6) NOT NULL DEFAULT '' COMMENT '请求方式',
  `comment` varchar(255) NOT NULL DEFAULT '' COMMENT '节点图描述',
  PRIMARY KEY (`id`),
  KEY `map` (`method`,`module`,`controller`,`action`) USING BTREE
) ENGINE=InnoDB DEFAULT CHARSET=utf8 ROW_FORMAT=COMPACT COMMENT='节点图';

-- ----------------------------
--  Table structure for `tp_one_two_three_four`
-- ----------------------------
DROP TABLE IF EXISTS `tp_one_two_three_four`;
CREATE TABLE `tp_one_two_three_four` (
  `id` int(11) unsigned NOT NULL AUTO_INCREMENT COMMENT '四级控制器主键',
  `field1` varchar(255) DEFAULT NULL COMMENT '字段一',
  `option` varchar(255) DEFAULT NULL COMMENT '选填',
  `select` varchar(255) DEFAULT NULL COMMENT '下拉框',
  `radio` varchar(255) DEFAULT NULL COMMENT '单选',
  `checkbox` varchar(255) DEFAULT NULL COMMENT '复选框',
  `password` varchar(255) DEFAULT NULL COMMENT '密码',
  `textarea` varchar(255) DEFAULT NULL COMMENT '文本域',
  `date` varchar(255) DEFAULT NULL COMMENT '日期',
  `mobile` varchar(255) DEFAULT NULL COMMENT '手机号',
  `email` varchar(255) DEFAULT NULL COMMENT '邮箱',
  `sort` smallint(5) DEFAULT '50' COMMENT '排序',
  `status` tinyint(1) unsigned NOT NULL DEFAULT '1' COMMENT '状态，1-正常 | 0-禁用',
  `isdelete` tinyint(1) unsigned NOT NULL DEFAULT '0' COMMENT '删除状态，1-删除 | 0-正常',
  `create_time` int(10) unsigned NOT NULL DEFAULT '0' COMMENT '创建时间',
  `update_time` int(10) unsigned NOT NULL DEFAULT '0' COMMENT '更新时间',
  PRIMARY KEY (`id`),
  KEY `sort` (`sort`)
) ENGINE=InnoDB AUTO_INCREMENT=2 DEFAULT CHARSET=utf8 COMMENT='四级控制器';

-- ----------------------------
--  Records of `tp_one_two_three_four`
-- ----------------------------
BEGIN;
INSERT INTO `tp_one_two_three_four` VALUES ('1', 'yuan1994', 'tpadmin', '2', '1', null, '2222', 'https://github.com/yuan1994/tpadmin', '2016-12-07', '13012345678', 'tianpian0805@gmail.com', '50', '1', '0', '1481947278', '1481947353');
COMMIT;

-- ----------------------------
--  Table structure for `tp_profession`
-- ----------------------------
DROP TABLE IF EXISTS `tp_profession`;
CREATE TABLE `tp_profession` (
  `id` bigint(10) NOT NULL AUTO_INCREMENT,
  `profession_name` varchar(255) DEFAULT NULL COMMENT '专业名称',
  `collage_id` tinyint(10) DEFAULT NULL COMMENT '学院id',
  `status` tinyint(10) DEFAULT '1',
  `is_delete` tinyint(10) DEFAULT '0',
  `update_time` int(11) DEFAULT NULL,
  `create_time` int(11) DEFAULT NULL,
  `delete_time` int(11) DEFAULT NULL,
  PRIMARY KEY (`id`)
) ENGINE=InnoDB AUTO_INCREMENT=2 DEFAULT CHARSET=utf8 COMMENT='专业表';

-- ----------------------------
--  Records of `tp_profession`
-- ----------------------------
BEGIN;
INSERT INTO `tp_profession` VALUES ('1', '软件工程', '1', '1', '0', '1523872063', '1523872063', null);
COMMIT;

-- ----------------------------
--  Table structure for `tp_student_information`
-- ----------------------------
DROP TABLE IF EXISTS `tp_student_information`;
CREATE TABLE `tp_student_information` (
  `id` bigint(20) NOT NULL AUTO_INCREMENT,
  `student_num` varchar(255) DEFAULT NULL COMMENT '学号',
  `student_name` varchar(255) DEFAULT NULL COMMENT '学生姓名',
  `id_number` varchar(255) DEFAULT NULL COMMENT '身份证号',
  `gender` int(10) DEFAULT NULL COMMENT '性别:1男;2女',
  `nation` varchar(255) DEFAULT NULL COMMENT '籍贯',
  `birthday` date DEFAULT NULL COMMENT '出生日期',
  `phone` varchar(255) DEFAULT NULL COMMENT '电话',
  `address` varchar(255) DEFAULT NULL COMMENT '家庭住址',
  `face` int(10) DEFAULT NULL COMMENT '政治面貌:1群众;2团员;3党员',
  `year` varchar(255) DEFAULT NULL COMMENT '年级',
  `status` tinyint(10) DEFAULT '1' COMMENT '状态',
  `is_delete` tinyint(10) DEFAULT '0' COMMENT '删除状态',
  `collage_id` int(10) DEFAULT NULL COMMENT '学院id',
  `profession_id` int(10) DEFAULT NULL COMMENT '专业id',
  `class_id` int(10) DEFAULT NULL COMMENT '班级id',
  `update_time` int(11) DEFAULT NULL,
  `create_time` int(11) DEFAULT NULL,
  `delete_time` int(11) DEFAULT NULL,
  PRIMARY KEY (`id`)
) ENGINE=InnoDB DEFAULT CHARSET=utf8 COMMENT='学生信息表';

-- ----------------------------
--  Table structure for `tp_web_log_001`
-- ----------------------------
DROP TABLE IF EXISTS `tp_web_log_001`;
CREATE TABLE `tp_web_log_001` (
  `id` int(10) unsigned NOT NULL AUTO_INCREMENT COMMENT '日志主键',
  `uid` smallint(5) unsigned NOT NULL DEFAULT '0' COMMENT '用户id',
  `ip` char(15) NOT NULL DEFAULT '' COMMENT '访客ip',
  `location` varchar(255) NOT NULL DEFAULT '' COMMENT '访客地址',
  `os` varchar(255) NOT NULL DEFAULT '' COMMENT '操作系统',
  `browser` varchar(255) NOT NULL DEFAULT '' COMMENT '浏览器',
  `url` varchar(255) NOT NULL DEFAULT '' COMMENT 'url',
  `module` varchar(255) NOT NULL DEFAULT '' COMMENT '模块',
  `controller` varchar(255) NOT NULL DEFAULT '' COMMENT '控制器',
  `action` varchar(255) NOT NULL DEFAULT '' COMMENT '方法',
  `method` char(6) NOT NULL DEFAULT '' COMMENT '请求方式',
  `data` text COMMENT '请求的param数据，serialize后的',
  `create_at` int(10) unsigned NOT NULL DEFAULT '0' COMMENT '操作时间',
  PRIMARY KEY (`id`),
  KEY `uid` (`uid`),
  KEY `ip` (`ip`),
  KEY `create_at` (`create_at`) USING BTREE
) ENGINE=MyISAM AUTO_INCREMENT=155 DEFAULT CHARSET=utf8 COMMENT='网站日志';

-- ----------------------------
--  Records of `tp_web_log_001`
-- ----------------------------
BEGIN;
INSERT INTO `tp_web_log_001` VALUES ('1', '0', '127.0.0.1', '本机地址 本机地址  ', 'Mac', 'Firefox(59.0)', 'http://localhost:8011/admin.html', 'admin', 'Index', 'index', 'GET', 'a:0:{}', '1523672969'), ('2', '0', '127.0.0.1', '本机地址 本机地址  ', 'Mac', 'Firefox(59.0)', 'http://localhost:8011/admin/pub/login.html', 'admin', 'Pub', 'login', 'GET', 'a:0:{}', '1523672969'), ('3', '0', '127.0.0.1', '本机地址 本机地址  ', 'Mac', 'Firefox(59.0)', 'http://localhost:8011/admin/pub/checklogin.html', 'admin', 'Pub', 'checklogin', 'POST', 'a:3:{s:7:\"account\";s:5:\"admin\";s:8:\"password\";s:6:\"123456\";s:7:\"captcha\";s:4:\"xfr5\";}', '1523672982'), ('4', '1', '127.0.0.1', '本机地址 本机地址  ', 'Mac', 'Firefox(59.0)', 'http://localhost:8011/admin/index/index.html', 'admin', 'Index', 'index', 'GET', 'a:0:{}', '1523672982'), ('5', '1', '127.0.0.1', '本机地址 本机地址  ', 'Mac', 'Firefox(59.0)', 'http://localhost:8011/admin/index/welcome.html', 'admin', 'Index', 'welcome', 'GET', 'a:0:{}', '1523672983'), ('6', '1', '127.0.0.1', '本机地址 本机地址  ', 'Mac', 'Firefox(59.0)', 'http://localhost:8011/admin/generate/index.html', 'admin', 'Generate', 'index', 'GET', 'a:0:{}', '1523673026'), ('7', '1', '127.0.0.1', '本机地址 本机地址  ', 'Mac', 'Firefox(59.0)', 'http://localhost:8011/admin/pub/profile.html', 'admin', 'Pub', 'profile', 'GET', 'a:0:{}', '1523673804'), ('8', '1', '127.0.0.1', '本机地址 本机地址  ', 'Mac', 'Firefox(59.0)', 'http://localhost:8011/admin/index/index.html', 'admin', 'Index', 'index', 'GET', 'a:0:{}', '1523673834'), ('9', '1', '127.0.0.1', '本机地址 本机地址  ', 'Mac', 'Firefox(59.0)', 'http://localhost:8011/admin/index/welcome.html', 'admin', 'Index', 'welcome', 'GET', 'a:0:{}', '1523673834'), ('10', '1', '127.0.0.1', '本机地址 本机地址  ', 'Mac', 'Firefox(59.0)', 'http://localhost:8011/admin/index/index.html', 'admin', 'Index', 'index', 'GET', 'a:0:{}', '1523673923'), ('11', '1', '127.0.0.1', '本机地址 本机地址  ', 'Mac', 'Firefox(59.0)', 'http://localhost:8011/admin/index/welcome.html', 'admin', 'Index', 'welcome', 'GET', 'a:0:{}', '1523673923'), ('12', '1', '127.0.0.1', '本机地址 本机地址  ', 'Mac', 'Firefox(59.0)', 'http://localhost:8011/admin.html', 'admin', 'Index', 'index', 'GET', 'a:0:{}', '1523674104'), ('13', '1', '127.0.0.1', '本机地址 本机地址  ', 'Mac', 'Firefox(59.0)', 'http://localhost:8011/admin/index/welcome.html', 'admin', 'Index', 'welcome', 'GET', 'a:0:{}', '1523674104'), ('14', '1', '127.0.0.1', '本机地址 本机地址  ', 'Mac', 'Firefox(59.0)', 'http://localhost:8011/admin.html', 'admin', 'Index', 'index', 'GET', 'a:0:{}', '1523674779'), ('15', '1', '127.0.0.1', '本机地址 本机地址  ', 'Mac', 'Firefox(59.0)', 'http://localhost:8011/admin/index/welcome.html', 'admin', 'Index', 'welcome', 'GET', 'a:0:{}', '1523674779'), ('16', '1', '127.0.0.1', '本机地址 本机地址  ', 'Mac', 'Firefox(59.0)', 'http://localhost:8011/admin.html', 'admin', 'Index', 'index', 'GET', 'a:0:{}', '1523674939'), ('17', '1', '127.0.0.1', '本机地址 本机地址  ', 'Mac', 'Firefox(59.0)', 'http://localhost:8011/admin/index/welcome.html', 'admin', 'Index', 'welcome', 'GET', 'a:0:{}', '1523674939'), ('18', '1', '127.0.0.1', '本机地址 本机地址  ', 'Mac', 'Firefox(59.0)', 'http://localhost:8011/admin.html', 'admin', 'Index', 'index', 'GET', 'a:0:{}', '1523675005'), ('19', '1', '127.0.0.1', '本机地址 本机地址  ', 'Mac', 'Firefox(59.0)', 'http://localhost:8011/admin/index/welcome.html', 'admin', 'Index', 'welcome', 'GET', 'a:0:{}', '1523675005'), ('20', '1', '127.0.0.1', '本机地址 本机地址  ', 'Mac', 'Firefox(59.0)', 'http://localhost:8011/admin/index/welcome.html', 'admin', 'Index', 'welcome', 'GET', 'a:0:{}', '1523675164'), ('21', '1', '127.0.0.1', '本机地址 本机地址  ', 'Mac', 'Firefox(59.0)', 'http://localhost:8011/admin/generate/index.html', 'admin', 'Generate', 'index', 'GET', 'a:0:{}', '1523675166'), ('22', '1', '127.0.0.1', '本机地址 本机地址  ', 'Mac', 'Firefox(59.0)', 'http://localhost:8011/admin.html', 'admin', 'Index', 'index', 'GET', 'a:0:{}', '1523692689'), ('23', '1', '127.0.0.1', '本机地址 本机地址  ', 'Mac', 'Firefox(59.0)', 'http://localhost:8011/admin/index/welcome.html', 'admin', 'Index', 'welcome', 'GET', 'a:0:{}', '1523692689'), ('24', '0', '127.0.0.1', '本机地址 本机地址  ', 'Mac', 'Firefox(59.0)', 'http://localhost:8011/admin.html', 'admin', 'Index', 'index', 'GET', 'a:0:{}', '1523868142'), ('25', '0', '127.0.0.1', '本机地址 本机地址  ', 'Mac', 'Firefox(59.0)', 'http://localhost:8011/admin/pub/login.html', 'admin', 'Pub', 'login', 'GET', 'a:0:{}', '1523868142'), ('26', '0', '127.0.0.1', '本机地址 本机地址  ', 'Mac', 'Firefox(59.0)', 'http://localhost:8011/admin/pub/checklogin.html', 'admin', 'Pub', 'checklogin', 'POST', 'a:4:{s:7:\"account\";s:5:\"admin\";s:8:\"password\";s:6:\"123456\";s:7:\"captcha\";s:4:\"xy2i\";s:6:\"online\";s:1:\"1\";}', '1523868149'), ('27', '1', '127.0.0.1', '本机地址 本机地址  ', 'Mac', 'Firefox(59.0)', 'http://localhost:8011/admin/index/index.html', 'admin', 'Index', 'index', 'GET', 'a:0:{}', '1523868149'), ('28', '1', '127.0.0.1', '本机地址 本机地址  ', 'Mac', 'Firefox(59.0)', 'http://localhost:8011/admin/index/welcome.html', 'admin', 'Index', 'welcome', 'GET', 'a:0:{}', '1523868149'), ('29', '1', '127.0.0.1', '本机地址 本机地址  ', 'Mac', 'Firefox(59.0)', 'http://localhost:8011/admin/generate/index.html', 'admin', 'Generate', 'index', 'GET', 'a:0:{}', '1523868177'), ('30', '1', '127.0.0.1', '本机地址 本机地址  ', 'Mac', 'Firefox(59.0)', 'http://localhost:8011/admin/index/index.html', 'admin', 'Index', 'index', 'GET', 'a:0:{}', '1523869043'), ('31', '1', '127.0.0.1', '本机地址 本机地址  ', 'Mac', 'Firefox(59.0)', 'http://localhost:8011/admin/index/welcome.html', 'admin', 'Index', 'welcome', 'GET', 'a:0:{}', '1523869044'), ('32', '1', '127.0.0.1', '本机地址 本机地址  ', 'Mac', 'Firefox(59.0)', 'http://localhost:8011/admin/generate/index.html', 'admin', 'Generate', 'index', 'GET', 'a:0:{}', '1523869046'), ('33', '1', '127.0.0.1', '本机地址 本机地址  ', 'Mac', 'Firefox(59.0)', 'http://localhost:8011/admin/generate/index.html?table=tp_student_information', 'admin', 'Generate', 'index', 'GET', 'a:1:{s:5:\"table\";s:22:\"tp_student_information\";}', '1523869058'), ('34', '1', '127.0.0.1', '本机地址 本机地址  ', 'Mac', 'Firefox(59.0)', 'http://localhost:8011/admin/generate/run.html', 'admin', 'Generate', 'run', 'POST', 'a:9:{s:4:\"file\";s:3:\"all\";s:6:\"module\";s:5:\"admin\";s:10:\"controller\";s:18:\"StudentInformation\";s:5:\"title\";s:0:\"\";s:4:\"form\";a:14:{i:1;a:8:{s:5:\"title\";s:6:\"编号\";s:4:\"name\";s:2:\"id\";s:4:\"type\";s:4:\"text\";s:6:\"option\";s:0:\"\";s:7:\"default\";s:0:\"\";s:6:\"search\";s:1:\"1\";s:11:\"search_type\";s:4:\"text\";s:8:\"validate\";a:3:{s:8:\"datatype\";s:0:\"\";s:7:\"nullmsg\";s:0:\"\";s:8:\"errormsg\";s:0:\"\";}}i:2;a:8:{s:5:\"title\";s:12:\"学生学号\";s:4:\"name\";s:11:\"student_num\";s:4:\"type\";s:4:\"text\";s:6:\"option\";s:0:\"\";s:7:\"default\";s:0:\"\";s:6:\"search\";s:1:\"1\";s:11:\"search_type\";s:4:\"text\";s:8:\"validate\";a:3:{s:8:\"datatype\";s:0:\"\";s:7:\"nullmsg\";s:0:\"\";s:8:\"errormsg\";s:0:\"\";}}i:3;a:8:{s:5:\"title\";s:12:\"学生姓名\";s:4:\"name\";s:12:\"student_name\";s:4:\"type\";s:4:\"text\";s:6:\"option\";s:0:\"\";s:7:\"default\";s:0:\"\";s:6:\"search\";s:1:\"1\";s:11:\"search_type\";s:4:\"text\";s:8:\"validate\";a:3:{s:8:\"datatype\";s:0:\"\";s:7:\"nullmsg\";s:0:\"\";s:8:\"errormsg\";s:0:\"\";}}i:4;a:7:{s:5:\"title\";s:12:\"身份证号\";s:4:\"name\";s:9:\"id_number\";s:4:\"type\";s:4:\"text\";s:6:\"option\";s:0:\"\";s:7:\"default\";s:0:\"\";s:11:\"search_type\";s:4:\"text\";s:8:\"validate\";a:3:{s:8:\"datatype\";s:42:\"/(^\\d{15}$)|(^\\d{18}$)|(^\\d{17}(\\d|X|x)$)/\";s:7:\"nullmsg\";s:0:\"\";s:8:\"errormsg\";s:24:\"身份证号格式错误\";}}i:5;a:8:{s:5:\"title\";s:6:\"性别\";s:4:\"name\";s:6:\"gender\";s:4:\"type\";s:4:\"text\";s:6:\"option\";s:0:\"\";s:7:\"default\";s:0:\"\";s:6:\"search\";s:1:\"1\";s:11:\"search_type\";s:6:\"select\";s:8:\"validate\";a:3:{s:8:\"datatype\";s:0:\"\";s:7:\"nullmsg\";s:0:\"\";s:8:\"errormsg\";s:0:\"\";}}i:6;a:7:{s:5:\"title\";s:6:\"籍贯\";s:4:\"name\";s:6:\"nation\";s:4:\"type\";s:4:\"text\";s:6:\"option\";s:0:\"\";s:7:\"default\";s:0:\"\";s:11:\"search_type\";s:4:\"text\";s:8:\"validate\";a:3:{s:8:\"datatype\";s:0:\"\";s:7:\"nullmsg\";s:0:\"\";s:8:\"errormsg\";s:0:\"\";}}i:7;a:7:{s:5:\"title\";s:12:\"出生日期\";s:4:\"name\";s:8:\"birthday\";s:4:\"type\";s:4:\"text\";s:6:\"option\";s:0:\"\";s:7:\"default\";s:0:\"\";s:11:\"search_type\";s:4:\"text\";s:8:\"validate\";a:3:{s:8:\"datatype\";s:0:\"\";s:7:\"nullmsg\";s:0:\"\";s:8:\"errormsg\";s:0:\"\";}}i:8;a:7:{s:5:\"title\";s:12:\"联系电话\";s:4:\"name\";s:5:\"phone\";s:4:\"type\";s:4:\"text\";s:6:\"option\";s:0:\"\";s:7:\"default\";s:0:\"\";s:11:\"search_type\";s:4:\"text\";s:8:\"validate\";a:3:{s:8:\"datatype\";s:26:\"/^1[3|4|5|7|8|9][0-9]{9}$/\";s:7:\"nullmsg\";s:0:\"\";s:8:\"errormsg\";s:21:\"手机号格式错误\";}}i:9;a:7:{s:5:\"title\";s:12:\"家庭住址\";s:4:\"name\";s:7:\"address\";s:4:\"type\";s:4:\"text\";s:6:\"option\";s:0:\"\";s:7:\"default\";s:0:\"\";s:11:\"search_type\";s:4:\"text\";s:8:\"validate\";a:3:{s:8:\"datatype\";s:0:\"\";s:7:\"nullmsg\";s:0:\"\";s:8:\"errormsg\";s:0:\"\";}}i:10;a:7:{s:5:\"title\";s:12:\"政治面貌\";s:4:\"name\";s:4:\"face\";s:4:\"type\";s:4:\"text\";s:6:\"option\";s:0:\"\";s:7:\"default\";s:0:\"\";s:11:\"search_type\";s:6:\"select\";s:8:\"validate\";a:3:{s:8:\"datatype\";s:0:\"\";s:7:\"nullmsg\";s:0:\"\";s:8:\"errormsg\";s:0:\"\";}}i:11;a:8:{s:5:\"title\";s:6:\"年级\";s:4:\"name\";s:4:\"year\";s:4:\"type\";s:4:\"text\";s:6:\"option\";s:0:\"\";s:7:\"default\";s:0:\"\";s:6:\"search\";s:1:\"1\";s:11:\"search_type\";s:6:\"select\";s:8:\"validate\";a:3:{s:8:\"datatype\";s:0:\"\";s:7:\"nullmsg\";s:0:\"\";s:8:\"errormsg\";s:0:\"\";}}i:14;a:8:{s:5:\"title\";s:12:\"所属学院\";s:4:\"name\";s:10:\"collage_id\";s:4:\"type\";s:4:\"text\";s:6:\"option\";s:0:\"\";s:7:\"default\";s:0:\"\";s:6:\"search\";s:1:\"1\";s:11:\"search_type\";s:6:\"select\";s:8:\"validate\";a:3:{s:8:\"datatype\";s:0:\"\";s:7:\"nullmsg\";s:0:\"\";s:8:\"errormsg\";s:0:\"\";}}i:15;a:8:{s:5:\"title\";s:12:\"所属专业\";s:4:\"name\";s:13:\"profession_id\";s:4:\"type\";s:4:\"text\";s:6:\"option\";s:0:\"\";s:7:\"default\";s:0:\"\";s:6:\"search\";s:1:\"1\";s:11:\"search_type\";s:6:\"select\";s:8:\"validate\";a:3:{s:8:\"datatype\";s:0:\"\";s:7:\"nullmsg\";s:0:\"\";s:8:\"errormsg\";s:0:\"\";}}i:16;a:8:{s:5:\"title\";s:12:\"所属班级\";s:4:\"name\";s:8:\"class_id\";s:4:\"type\";s:4:\"text\";s:6:\"option\";s:0:\"\";s:7:\"default\";s:0:\"\";s:6:\"search\";s:1:\"1\";s:11:\"search_type\";s:6:\"select\";s:8:\"validate\";a:3:{s:8:\"datatype\";s:0:\"\";s:7:\"nullmsg\";s:0:\"\";s:8:\"errormsg\";s:0:\"\";}}}s:4:\"menu\";a:6:{i:0;s:3:\"add\";i:1;s:6:\"forbid\";i:2;s:6:\"resume\";i:3;s:6:\"delete\";i:4;s:10:\"recycleBin\";i:5;s:9:\"saveOrder\";}s:5:\"model\";s:1:\"1\";s:14:\"auto_timestamp\";s:1:\"1\";s:8:\"validate\";s:1:\"1\";}', '1523869774'), ('35', '1', '127.0.0.1', '本机地址 本机地址  ', 'Mac', 'Firefox(59.0)', 'http://localhost:8011/admin/student_information/index.html', 'admin', 'StudentInformation', 'index', 'GET', 'a:0:{}', '1523869781'), ('36', '1', '127.0.0.1', '本机地址 本机地址  ', 'Mac', 'Firefox(59.0)', 'http://localhost:8011/admin/admin_group/index.html', 'admin', 'AdminGroup', 'index', 'GET', 'a:0:{}', '1523869822'), ('37', '1', '127.0.0.1', '本机地址 本机地址  ', 'Mac', 'Firefox(59.0)', 'http://localhost:8011/admin/admin_node/index.html', 'admin', 'AdminNode', 'index', 'GET', 'a:0:{}', '1523869824'), ('38', '1', '127.0.0.1', '本机地址 本机地址  ', 'Mac', 'Firefox(59.0)', 'http://localhost:8011/admin/admin_node/index', 'admin', 'AdminNode', 'index', 'POST', 'a:2:{s:4:\"type\";s:5:\"group\";s:9:\"module_id\";s:1:\"1\";}', '1523869825'), ('39', '1', '127.0.0.1', '本机地址 本机地址  ', 'Mac', 'Firefox(59.0)', 'http://localhost:8011/admin/admin_node/index', 'admin', 'AdminNode', 'index', 'POST', 'a:3:{s:4:\"type\";s:4:\"node\";s:9:\"module_id\";s:1:\"1\";s:8:\"group_id\";s:1:\"1\";}', '1523869825'), ('40', '1', '127.0.0.1', '本机地址 本机地址  ', 'Mac', 'Firefox(59.0)', 'http://localhost:8011/admin/admin_role/index.html', 'admin', 'AdminRole', 'index', 'GET', 'a:0:{}', '1523869827'), ('41', '1', '127.0.0.1', '本机地址 本机地址  ', 'Mac', 'Firefox(59.0)', 'http://localhost:8011/admin/admin_user/index.html', 'admin', 'AdminUser', 'index', 'GET', 'a:0:{}', '1523869833'), ('42', '1', '127.0.0.1', '本机地址 本机地址  ', 'Mac', 'Firefox(59.0)', 'http://localhost:8011/admin/node_map/index.html', 'admin', 'NodeMap', 'index', 'GET', 'a:0:{}', '1523869837'), ('43', '1', '127.0.0.1', '本机地址 本机地址  ', 'Mac', 'Firefox(59.0)', 'http://localhost:8011/admin/web_log/index.html', 'admin', 'WebLog', 'index', 'GET', 'a:0:{}', '1523869838'), ('44', '1', '127.0.0.1', '本机地址 本机地址  ', 'Mac', 'Firefox(59.0)', 'http://localhost:8011/admin/login_log/index.html', 'admin', 'LoginLog', 'index', 'GET', 'a:0:{}', '1523869840'), ('45', '1', '127.0.0.1', '本机地址 本机地址  ', 'Mac', 'Firefox(59.0)', 'http://localhost:8011/admin/admin_group/index.html', 'admin', 'AdminGroup', 'index', 'GET', 'a:0:{}', '1523869842'), ('46', '1', '127.0.0.1', '本机地址 本机地址  ', 'Mac', 'Firefox(59.0)', 'http://localhost:8011/admin/admin_node/index.html', 'admin', 'AdminNode', 'index', 'GET', 'a:0:{}', '1523869842'), ('47', '1', '127.0.0.1', '本机地址 本机地址  ', 'Mac', 'Firefox(59.0)', 'http://localhost:8011/admin/admin_node/index', 'admin', 'AdminNode', 'index', 'POST', 'a:2:{s:4:\"type\";s:5:\"group\";s:9:\"module_id\";s:1:\"1\";}', '1523869842'), ('48', '1', '127.0.0.1', '本机地址 本机地址  ', 'Mac', 'Firefox(59.0)', 'http://localhost:8011/admin/admin_node/index', 'admin', 'AdminNode', 'index', 'POST', 'a:3:{s:4:\"type\";s:4:\"node\";s:9:\"module_id\";s:1:\"1\";s:8:\"group_id\";s:1:\"1\";}', '1523869842'), ('49', '1', '127.0.0.1', '本机地址 本机地址  ', 'Mac', 'Firefox(59.0)', 'http://localhost:8011/admin/admin_node/index', 'admin', 'AdminNode', 'index', 'POST', 'a:2:{s:4:\"type\";s:5:\"group\";s:9:\"module_id\";s:1:\"1\";}', '1523869847'), ('50', '1', '127.0.0.1', '本机地址 本机地址  ', 'Mac', 'Firefox(59.0)', 'http://localhost:8011/admin/admin_node/index', 'admin', 'AdminNode', 'index', 'POST', 'a:3:{s:4:\"type\";s:4:\"node\";s:9:\"module_id\";s:1:\"1\";s:8:\"group_id\";s:1:\"1\";}', '1523869847'), ('51', '1', '127.0.0.1', '本机地址 本机地址  ', 'Mac', 'Firefox(59.0)', 'http://localhost:8011/admin/admin_node/add?pid=1', 'admin', 'AdminNode', 'add', 'GET', 'a:1:{s:3:\"pid\";s:1:\"1\";}', '1523869849'), ('52', '1', '127.0.0.1', '本机地址 本机地址  ', 'Mac', 'Firefox(59.0)', 'http://localhost:8011/admin/admin_group/index.html', 'admin', 'AdminGroup', 'index', 'GET', 'a:0:{}', '1523869856'), ('53', '1', '127.0.0.1', '本机地址 本机地址  ', 'Mac', 'Firefox(59.0)', 'http://localhost:8011/admin/admin_group/add.html', 'admin', 'AdminGroup', 'add', 'GET', 'a:0:{}', '1523869870'), ('54', '1', '127.0.0.1', '本机地址 本机地址  ', 'Mac', 'Firefox(59.0)', 'http://localhost:8011/admin/admin_group/add.html', 'admin', 'AdminGroup', 'add', 'POST', 'a:6:{s:2:\"id\";s:0:\"\";s:4:\"name\";s:12:\"学生信息\";s:4:\"icon\";s:0:\"\";s:4:\"sort\";s:1:\"4\";s:6:\"status\";s:1:\"1\";s:6:\"remark\";s:0:\"\";}', '1523869891'), ('55', '1', '127.0.0.1', '本机地址 本机地址  ', 'Mac', 'Firefox(59.0)', 'http://localhost:8011/admin/admin_group/index.html', 'admin', 'AdminGroup', 'index', 'GET', 'a:0:{}', '1523869892'), ('56', '1', '127.0.0.1', '本机地址 本机地址  ', 'Mac', 'Firefox(59.0)', 'http://localhost:8011/admin/admin_node/index.html', 'admin', 'AdminNode', 'index', 'GET', 'a:0:{}', '1523869894'), ('57', '1', '127.0.0.1', '本机地址 本机地址  ', 'Mac', 'Firefox(59.0)', 'http://localhost:8011/admin/admin_node/index', 'admin', 'AdminNode', 'index', 'POST', 'a:2:{s:4:\"type\";s:5:\"group\";s:9:\"module_id\";s:1:\"1\";}', '1523869894'), ('58', '1', '127.0.0.1', '本机地址 本机地址  ', 'Mac', 'Firefox(59.0)', 'http://localhost:8011/admin/admin_node/index', 'admin', 'AdminNode', 'index', 'POST', 'a:3:{s:4:\"type\";s:4:\"node\";s:9:\"module_id\";s:1:\"1\";s:8:\"group_id\";s:1:\"1\";}', '1523869894'), ('59', '1', '127.0.0.1', '本机地址 本机地址  ', 'Mac', 'Firefox(59.0)', 'http://localhost:8011/admin/admin_node/add?pid=1', 'admin', 'AdminNode', 'add', 'GET', 'a:1:{s:3:\"pid\";s:1:\"1\";}', '1523869911'), ('60', '1', '127.0.0.1', '本机地址 本机地址  ', 'Mac', 'Firefox(59.0)', 'http://localhost:8011/admin/admin_node/add', 'admin', 'AdminNode', 'add', 'POST', 'a:9:{s:2:\"id\";s:0:\"\";s:3:\"pid\";s:1:\"1\";s:5:\"level\";s:1:\"2\";s:8:\"group_id\";s:1:\"3\";s:5:\"title\";s:12:\"学生信息\";s:4:\"name\";s:18:\"StudentInformation\";s:4:\"type\";s:1:\"1\";s:4:\"sort\";s:1:\"2\";s:6:\"status\";s:1:\"1\";}', '1523869951'), ('61', '1', '127.0.0.1', '本机地址 本机地址  ', 'Mac', 'Firefox(59.0)', 'http://localhost:8011/admin/admin_node/index.html', 'admin', 'AdminNode', 'index', 'GET', 'a:0:{}', '1523869951'), ('62', '1', '127.0.0.1', '本机地址 本机地址  ', 'Mac', 'Firefox(59.0)', 'http://localhost:8011/admin/admin_node/index', 'admin', 'AdminNode', 'index', 'POST', 'a:2:{s:4:\"type\";s:5:\"group\";s:9:\"module_id\";s:1:\"1\";}', '1523869951'), ('63', '1', '127.0.0.1', '本机地址 本机地址  ', 'Mac', 'Firefox(59.0)', 'http://localhost:8011/admin/admin_node/index', 'admin', 'AdminNode', 'index', 'POST', 'a:3:{s:4:\"type\";s:4:\"node\";s:9:\"module_id\";s:1:\"1\";s:8:\"group_id\";s:1:\"1\";}', '1523869951'), ('64', '1', '127.0.0.1', '本机地址 本机地址  ', 'Mac', 'Firefox(59.0)', 'http://localhost:8011/admin/admin_node/index', 'admin', 'AdminNode', 'index', 'POST', 'a:3:{s:4:\"type\";s:4:\"node\";s:9:\"module_id\";s:1:\"1\";s:8:\"group_id\";s:1:\"3\";}', '1523869956'), ('65', '1', '127.0.0.1', '本机地址 本机地址  ', 'Mac', 'Firefox(59.0)', 'http://localhost:8011/admin/index/index.html', 'admin', 'Index', 'index', 'GET', 'a:0:{}', '1523869972'), ('66', '1', '127.0.0.1', '本机地址 本机地址  ', 'Mac', 'Firefox(59.0)', 'http://localhost:8011/admin/index/welcome.html', 'admin', 'Index', 'welcome', 'GET', 'a:0:{}', '1523869973'), ('67', '1', '127.0.0.1', '本机地址 本机地址  ', 'Mac', 'Firefox(59.0)', 'http://localhost:8011/admin/student_information/index.html', 'admin', 'StudentInformation', 'index', 'GET', 'a:0:{}', '1523869975'), ('68', '1', '127.0.0.1', '本机地址 本机地址  ', 'Mac', 'Firefox(59.0)', 'http://localhost:8011/admin/admin_group/index.html', 'admin', 'AdminGroup', 'index', 'GET', 'a:0:{}', '1523869982'), ('69', '1', '127.0.0.1', '本机地址 本机地址  ', 'Mac', 'Firefox(59.0)', 'http://localhost:8011/admin/admin_node/index.html', 'admin', 'AdminNode', 'index', 'GET', 'a:0:{}', '1523869982'), ('70', '1', '127.0.0.1', '本机地址 本机地址  ', 'Mac', 'Firefox(59.0)', 'http://localhost:8011/admin/admin_node/index', 'admin', 'AdminNode', 'index', 'POST', 'a:2:{s:4:\"type\";s:5:\"group\";s:9:\"module_id\";s:1:\"1\";}', '1523869982'), ('71', '1', '127.0.0.1', '本机地址 本机地址  ', 'Mac', 'Firefox(59.0)', 'http://localhost:8011/admin/admin_node/index', 'admin', 'AdminNode', 'index', 'POST', 'a:3:{s:4:\"type\";s:4:\"node\";s:9:\"module_id\";s:1:\"1\";s:8:\"group_id\";s:1:\"1\";}', '1523869982'), ('72', '1', '127.0.0.1', '本机地址 本机地址  ', 'Mac', 'Firefox(59.0)', 'http://localhost:8011/admin/admin_node/index', 'admin', 'AdminNode', 'index', 'POST', 'a:3:{s:4:\"type\";s:4:\"node\";s:9:\"module_id\";s:1:\"1\";s:8:\"group_id\";s:1:\"3\";}', '1523869985'), ('73', '1', '127.0.0.1', '本机地址 本机地址  ', 'Mac', 'Firefox(59.0)', 'http://localhost:8011/admin/admin_node/index', 'admin', 'AdminNode', 'index', 'POST', 'a:3:{s:4:\"type\";s:4:\"node\";s:9:\"module_id\";s:1:\"1\";s:8:\"group_id\";s:1:\"2\";}', '1523869987'), ('74', '1', '127.0.0.1', '本机地址 本机地址  ', 'Mac', 'Firefox(59.0)', 'http://localhost:8011/admin/admin_node/index', 'admin', 'AdminNode', 'index', 'POST', 'a:3:{s:4:\"type\";s:4:\"node\";s:9:\"module_id\";s:1:\"1\";s:8:\"group_id\";s:1:\"1\";}', '1523869988'), ('75', '1', '127.0.0.1', '本机地址 本机地址  ', 'Mac', 'Firefox(59.0)', 'http://localhost:8011/admin/admin_node/index', 'admin', 'AdminNode', 'index', 'POST', 'a:3:{s:4:\"type\";s:4:\"node\";s:9:\"module_id\";s:1:\"1\";s:8:\"group_id\";s:1:\"3\";}', '1523869989'), ('76', '1', '127.0.0.1', '本机地址 本机地址  ', 'Mac', 'Firefox(59.0)', 'http://localhost:8011/admin/admin_node/edit?id=63', 'admin', 'AdminNode', 'edit', 'GET', 'a:1:{s:2:\"id\";s:2:\"63\";}', '1523869994'), ('77', '1', '127.0.0.1', '本机地址 本机地址  ', 'Mac', 'Firefox(59.0)', 'http://localhost:8011/admin/admin_role/index.html', 'admin', 'AdminRole', 'index', 'GET', 'a:0:{}', '1523870002'), ('78', '1', '127.0.0.1', '本机地址 本机地址  ', 'Mac', 'Firefox(59.0)', 'http://localhost:8011/admin/student_information/index.html', 'admin', 'StudentInformation', 'index', 'GET', 'a:0:{}', '1523870021'), ('79', '1', '127.0.0.1', '本机地址 本机地址  ', 'Mac', 'Firefox(59.0)', 'http://localhost:8011/admin/admin_group/index.html', 'admin', 'AdminGroup', 'index', 'GET', 'a:0:{}', '1523870052'), ('80', '1', '127.0.0.1', '本机地址 本机地址  ', 'Mac', 'Firefox(59.0)', 'http://localhost:8011/admin/student_information/index.html', 'admin', 'StudentInformation', 'index', 'GET', 'a:0:{}', '1523870140'), ('81', '1', '127.0.0.1', '本机地址 本机地址  ', 'Mac', 'Firefox(59.0)', 'http://localhost:8011/admin/generate/index.html', 'admin', 'Generate', 'index', 'GET', 'a:0:{}', '1523870142'), ('82', '1', '127.0.0.1', '本机地址 本机地址  ', 'Mac', 'Firefox(59.0)', 'http://localhost:8011/admin/generate/index.html?table=tp_collage', 'admin', 'Generate', 'index', 'GET', 'a:1:{s:5:\"table\";s:10:\"tp_collage\";}', '1523870149'), ('83', '1', '127.0.0.1', '本机地址 本机地址  ', 'Mac', 'Firefox(59.0)', 'http://localhost:8011/admin/generate/index.html?table=tp_collage', 'admin', 'Generate', 'index', 'GET', 'a:1:{s:5:\"table\";s:10:\"tp_collage\";}', '1523870166'), ('84', '1', '127.0.0.1', '本机地址 本机地址  ', 'Mac', 'Firefox(59.0)', 'http://localhost:8011/admin/generate/run.html', 'admin', 'Generate', 'run', 'POST', 'a:9:{s:4:\"file\";s:3:\"all\";s:6:\"module\";s:5:\"admin\";s:10:\"controller\";s:7:\"Collage\";s:5:\"title\";s:0:\"\";s:4:\"form\";a:2:{i:1;a:7:{s:5:\"title\";s:6:\"编号\";s:4:\"name\";s:2:\"id\";s:4:\"type\";s:4:\"text\";s:6:\"option\";s:0:\"\";s:7:\"default\";s:0:\"\";s:11:\"search_type\";s:4:\"text\";s:8:\"validate\";a:3:{s:8:\"datatype\";s:0:\"\";s:7:\"nullmsg\";s:0:\"\";s:8:\"errormsg\";s:0:\"\";}}i:2;a:8:{s:5:\"title\";s:12:\"学院名称\";s:4:\"name\";s:12:\"collage_name\";s:4:\"type\";s:4:\"text\";s:6:\"option\";s:0:\"\";s:7:\"default\";s:0:\"\";s:6:\"search\";s:1:\"1\";s:11:\"search_type\";s:4:\"text\";s:8:\"validate\";a:3:{s:8:\"datatype\";s:0:\"\";s:7:\"nullmsg\";s:0:\"\";s:8:\"errormsg\";s:0:\"\";}}}s:4:\"menu\";a:6:{i:0;s:3:\"add\";i:1;s:6:\"forbid\";i:2;s:6:\"resume\";i:3;s:6:\"delete\";i:4;s:10:\"recycleBin\";i:5;s:9:\"saveOrder\";}s:5:\"model\";s:1:\"1\";s:14:\"auto_timestamp\";s:1:\"1\";s:8:\"validate\";s:1:\"1\";}', '1523870216'), ('85', '1', '127.0.0.1', '本机地址 本机地址  ', 'Mac', 'Firefox(59.0)', 'http://localhost:8011/admin/collage/index.html', 'admin', 'Collage', 'index', 'GET', 'a:0:{}', '1523870217'), ('86', '1', '127.0.0.1', '本机地址 本机地址  ', 'Mac', 'Firefox(59.0)', 'http://localhost:8011/admin/generate/index.html?table=tp_collage', 'admin', 'Generate', 'index', 'GET', 'a:1:{s:5:\"table\";s:10:\"tp_collage\";}', '1523870551'), ('87', '1', '127.0.0.1', '本机地址 本机地址  ', 'Mac', 'Firefox(59.0)', 'http://localhost:8011/admin/generate/index.html?table=tp_class', 'admin', 'Generate', 'index', 'GET', 'a:1:{s:5:\"table\";s:8:\"tp_class\";}', '1523870557'), ('88', '1', '127.0.0.1', '本机地址 本机地址  ', 'Mac', 'Firefox(59.0)', 'http://localhost:8011/admin/generate/index.html?table=tp_collage', 'admin', 'Generate', 'index', 'GET', 'a:1:{s:5:\"table\";s:10:\"tp_collage\";}', '1523870755'), ('89', '1', '127.0.0.1', '本机地址 本机地址  ', 'Mac', 'Firefox(59.0)', 'http://localhost:8011/admin/generate/run.html', 'admin', 'Generate', 'run', 'POST', 'a:9:{s:4:\"file\";s:3:\"all\";s:6:\"module\";s:5:\"admin\";s:10:\"controller\";s:7:\"Collage\";s:5:\"title\";s:0:\"\";s:4:\"form\";a:2:{i:1;a:7:{s:5:\"title\";s:0:\"\";s:4:\"name\";s:2:\"id\";s:4:\"type\";s:4:\"text\";s:6:\"option\";s:0:\"\";s:7:\"default\";s:0:\"\";s:11:\"search_type\";s:4:\"text\";s:8:\"validate\";a:3:{s:8:\"datatype\";s:0:\"\";s:7:\"nullmsg\";s:0:\"\";s:8:\"errormsg\";s:0:\"\";}}i:2;a:8:{s:5:\"title\";s:0:\"\";s:4:\"name\";s:12:\"collage_name\";s:4:\"type\";s:4:\"text\";s:6:\"option\";s:0:\"\";s:7:\"default\";s:0:\"\";s:6:\"search\";s:1:\"1\";s:11:\"search_type\";s:4:\"text\";s:8:\"validate\";a:3:{s:8:\"datatype\";s:0:\"\";s:7:\"nullmsg\";s:0:\"\";s:8:\"errormsg\";s:0:\"\";}}}s:4:\"menu\";a:6:{i:0;s:3:\"add\";i:1;s:6:\"forbid\";i:2;s:6:\"resume\";i:3;s:6:\"delete\";i:4;s:10:\"recycleBin\";i:5;s:9:\"saveOrder\";}s:5:\"model\";s:1:\"1\";s:14:\"auto_timestamp\";s:1:\"1\";s:8:\"validate\";s:1:\"1\";}', '1523871039'), ('90', '1', '127.0.0.1', '本机地址 本机地址  ', 'Mac', 'Firefox(59.0)', 'http://localhost:8011/admin/collage/index.html', 'admin', 'Collage', 'index', 'GET', 'a:0:{}', '1523871045'), ('91', '1', '127.0.0.1', '本机地址 本机地址  ', 'Mac', 'Firefox(59.0)', 'http://localhost:8011/admin/generate/index.html?table=tp_collage', 'admin', 'Generate', 'index', 'GET', 'a:1:{s:5:\"table\";s:10:\"tp_collage\";}', '1523871224'), ('92', '1', '127.0.0.1', '本机地址 本机地址  ', 'Mac', 'Firefox(59.0)', 'http://localhost:8011/admin/generate/run.html', 'admin', 'Generate', 'run', 'POST', 'a:9:{s:4:\"file\";s:3:\"all\";s:6:\"module\";s:5:\"admin\";s:10:\"controller\";s:7:\"Collage\";s:5:\"title\";s:0:\"\";s:4:\"form\";a:2:{i:1;a:7:{s:5:\"title\";s:6:\"编号\";s:4:\"name\";s:2:\"id\";s:4:\"type\";s:4:\"text\";s:6:\"option\";s:0:\"\";s:7:\"default\";s:0:\"\";s:11:\"search_type\";s:4:\"text\";s:8:\"validate\";a:3:{s:8:\"datatype\";s:0:\"\";s:7:\"nullmsg\";s:0:\"\";s:8:\"errormsg\";s:0:\"\";}}i:2;a:7:{s:5:\"title\";s:12:\"学院名称\";s:4:\"name\";s:12:\"collage_name\";s:4:\"type\";s:4:\"text\";s:6:\"option\";s:0:\"\";s:7:\"default\";s:0:\"\";s:11:\"search_type\";s:4:\"text\";s:8:\"validate\";a:3:{s:8:\"datatype\";s:0:\"\";s:7:\"nullmsg\";s:0:\"\";s:8:\"errormsg\";s:0:\"\";}}}s:4:\"menu\";a:6:{i:0;s:3:\"add\";i:1;s:6:\"forbid\";i:2;s:6:\"resume\";i:3;s:6:\"delete\";i:4;s:10:\"recycleBin\";i:5;s:9:\"saveOrder\";}s:5:\"model\";s:1:\"1\";s:14:\"auto_timestamp\";s:1:\"1\";s:8:\"validate\";s:1:\"1\";}', '1523871278'), ('93', '1', '127.0.0.1', '本机地址 本机地址  ', 'Mac', 'Firefox(59.0)', 'http://localhost:8011/admin/collage/index.html', 'admin', 'Collage', 'index', 'GET', 'a:0:{}', '1523871279'), ('94', '1', '127.0.0.1', '本机地址 本机地址  ', 'Mac', 'Firefox(59.0)', 'http://localhost:8011/admin/generate/run.html', 'admin', 'Generate', 'run', 'POST', 'a:9:{s:4:\"file\";s:3:\"all\";s:6:\"module\";s:5:\"admin\";s:10:\"controller\";s:7:\"Collage\";s:5:\"title\";s:0:\"\";s:4:\"form\";a:2:{i:1;a:7:{s:5:\"title\";s:6:\"编号\";s:4:\"name\";s:2:\"id\";s:4:\"type\";s:4:\"text\";s:6:\"option\";s:0:\"\";s:7:\"default\";s:0:\"\";s:11:\"search_type\";s:4:\"text\";s:8:\"validate\";a:3:{s:8:\"datatype\";s:0:\"\";s:7:\"nullmsg\";s:0:\"\";s:8:\"errormsg\";s:0:\"\";}}i:2;a:8:{s:5:\"title\";s:12:\"学院名称\";s:4:\"name\";s:12:\"collage_name\";s:4:\"type\";s:4:\"text\";s:6:\"option\";s:0:\"\";s:7:\"default\";s:0:\"\";s:6:\"search\";s:1:\"1\";s:11:\"search_type\";s:4:\"text\";s:8:\"validate\";a:3:{s:8:\"datatype\";s:0:\"\";s:7:\"nullmsg\";s:0:\"\";s:8:\"errormsg\";s:0:\"\";}}}s:4:\"menu\";a:6:{i:0;s:3:\"add\";i:1;s:6:\"forbid\";i:2;s:6:\"resume\";i:3;s:6:\"delete\";i:4;s:10:\"recycleBin\";i:5;s:9:\"saveOrder\";}s:5:\"model\";s:1:\"1\";s:14:\"auto_timestamp\";s:1:\"1\";s:8:\"validate\";s:1:\"1\";}', '1523871293'), ('95', '1', '127.0.0.1', '本机地址 本机地址  ', 'Mac', 'Firefox(59.0)', 'http://localhost:8011/admin/collage/index.html', 'admin', 'Collage', 'index', 'GET', 'a:0:{}', '1523871295'), ('96', '1', '127.0.0.1', '本机地址 本机地址  ', 'Mac', 'Firefox(59.0)', 'http://localhost:8011/admin/generate/index.html?table=tp_profession', 'admin', 'Generate', 'index', 'GET', 'a:1:{s:5:\"table\";s:13:\"tp_profession\";}', '1523871380'), ('97', '1', '127.0.0.1', '本机地址 本机地址  ', 'Mac', 'Firefox(59.0)', 'http://localhost:8011/admin/generate/run.html', 'admin', 'Generate', 'run', 'POST', 'a:9:{s:4:\"file\";s:3:\"all\";s:6:\"module\";s:5:\"admin\";s:10:\"controller\";s:10:\"Profession\";s:5:\"title\";s:0:\"\";s:4:\"form\";a:3:{i:1;a:8:{s:5:\"title\";s:6:\"编号\";s:4:\"name\";s:2:\"id\";s:4:\"type\";s:4:\"text\";s:6:\"option\";s:0:\"\";s:7:\"default\";s:0:\"\";s:6:\"search\";s:1:\"1\";s:11:\"search_type\";s:4:\"text\";s:8:\"validate\";a:3:{s:8:\"datatype\";s:0:\"\";s:7:\"nullmsg\";s:0:\"\";s:8:\"errormsg\";s:0:\"\";}}i:2;a:8:{s:5:\"title\";s:12:\"专业名称\";s:4:\"name\";s:15:\"profession_name\";s:4:\"type\";s:4:\"text\";s:6:\"option\";s:0:\"\";s:7:\"default\";s:0:\"\";s:6:\"search\";s:1:\"1\";s:11:\"search_type\";s:4:\"text\";s:8:\"validate\";a:3:{s:8:\"datatype\";s:0:\"\";s:7:\"nullmsg\";s:0:\"\";s:8:\"errormsg\";s:0:\"\";}}i:3;a:8:{s:5:\"title\";s:12:\"所属学院\";s:4:\"name\";s:10:\"collage_id\";s:4:\"type\";s:4:\"text\";s:6:\"option\";s:0:\"\";s:7:\"default\";s:0:\"\";s:6:\"search\";s:1:\"1\";s:11:\"search_type\";s:6:\"select\";s:8:\"validate\";a:3:{s:8:\"datatype\";s:0:\"\";s:7:\"nullmsg\";s:0:\"\";s:8:\"errormsg\";s:0:\"\";}}}s:4:\"menu\";a:6:{i:0;s:3:\"add\";i:1;s:6:\"forbid\";i:2;s:6:\"resume\";i:3;s:6:\"delete\";i:4;s:10:\"recycleBin\";i:5;s:9:\"saveOrder\";}s:5:\"model\";s:1:\"1\";s:14:\"auto_timestamp\";s:1:\"1\";s:8:\"validate\";s:1:\"1\";}', '1523871459'), ('98', '1', '127.0.0.1', '本机地址 本机地址  ', 'Mac', 'Firefox(59.0)', 'http://localhost:8011/admin/profession/index.html', 'admin', 'Profession', 'index', 'GET', 'a:0:{}', '1523871460'), ('99', '1', '127.0.0.1', '本机地址 本机地址  ', 'Mac', 'Firefox(59.0)', 'http://localhost:8011/admin/generate/index.html?table=tp_profession', 'admin', 'Generate', 'index', 'GET', 'a:1:{s:5:\"table\";s:13:\"tp_profession\";}', '1523871465'), ('100', '1', '127.0.0.1', '本机地址 本机地址  ', 'Mac', 'Firefox(59.0)', 'http://localhost:8011/admin/generate/index.html?table=tp_class', 'admin', 'Generate', 'index', 'GET', 'a:1:{s:5:\"table\";s:8:\"tp_class\";}', '1523871469'), ('101', '1', '127.0.0.1', '本机地址 本机地址  ', 'Mac', 'Firefox(59.0)', 'http://localhost:8011/admin/generate/run.html', 'admin', 'Generate', 'run', 'POST', 'a:9:{s:4:\"file\";s:3:\"all\";s:6:\"module\";s:5:\"admin\";s:10:\"controller\";s:5:\"Class\";s:5:\"title\";s:0:\"\";s:4:\"form\";a:4:{i:1;a:8:{s:5:\"title\";s:6:\"编号\";s:4:\"name\";s:2:\"id\";s:4:\"type\";s:4:\"text\";s:6:\"option\";s:0:\"\";s:7:\"default\";s:0:\"\";s:6:\"search\";s:1:\"1\";s:11:\"search_type\";s:4:\"text\";s:8:\"validate\";a:3:{s:8:\"datatype\";s:0:\"\";s:7:\"nullmsg\";s:0:\"\";s:8:\"errormsg\";s:0:\"\";}}i:2;a:8:{s:5:\"title\";s:12:\"班级名称\";s:4:\"name\";s:10:\"class_name\";s:4:\"type\";s:4:\"text\";s:6:\"option\";s:0:\"\";s:7:\"default\";s:0:\"\";s:6:\"search\";s:1:\"1\";s:11:\"search_type\";s:4:\"text\";s:8:\"validate\";a:3:{s:8:\"datatype\";s:0:\"\";s:7:\"nullmsg\";s:0:\"\";s:8:\"errormsg\";s:0:\"\";}}i:3;a:7:{s:5:\"title\";s:12:\"所属专业\";s:4:\"name\";s:13:\"profession_id\";s:4:\"type\";s:4:\"text\";s:6:\"option\";s:0:\"\";s:7:\"default\";s:0:\"\";s:11:\"search_type\";s:6:\"select\";s:8:\"validate\";a:3:{s:8:\"datatype\";s:0:\"\";s:7:\"nullmsg\";s:0:\"\";s:8:\"errormsg\";s:0:\"\";}}i:4;a:7:{s:5:\"title\";s:12:\"所属学院\";s:4:\"name\";s:10:\"collage_id\";s:4:\"type\";s:4:\"text\";s:6:\"option\";s:0:\"\";s:7:\"default\";s:0:\"\";s:11:\"search_type\";s:6:\"select\";s:8:\"validate\";a:3:{s:8:\"datatype\";s:0:\"\";s:7:\"nullmsg\";s:0:\"\";s:8:\"errormsg\";s:0:\"\";}}}s:4:\"menu\";a:6:{i:0;s:3:\"add\";i:1;s:6:\"forbid\";i:2;s:6:\"resume\";i:3;s:6:\"delete\";i:4;s:10:\"recycleBin\";i:5;s:9:\"saveOrder\";}s:5:\"model\";s:1:\"1\";s:14:\"auto_timestamp\";s:1:\"1\";s:8:\"validate\";s:1:\"1\";}', '1523871508'), ('102', '1', '127.0.0.1', '本机地址 本机地址  ', 'Mac', 'Firefox(59.0)', 'http://localhost:8011/admin/admin_group/index.html', 'admin', 'AdminGroup', 'index', 'GET', 'a:0:{}', '1523871513'), ('103', '1', '127.0.0.1', '本机地址 本机地址  ', 'Mac', 'Firefox(59.0)', 'http://localhost:8011/admin/admin_group/add.html', 'admin', 'AdminGroup', 'add', 'GET', 'a:0:{}', '1523871515'), ('104', '1', '127.0.0.1', '本机地址 本机地址  ', 'Mac', 'Firefox(59.0)', 'http://localhost:8011/admin/admin_group/add.html', 'admin', 'AdminGroup', 'add', 'POST', 'a:6:{s:2:\"id\";s:0:\"\";s:4:\"name\";s:12:\"学院信息\";s:4:\"icon\";s:0:\"\";s:4:\"sort\";s:1:\"5\";s:6:\"status\";s:1:\"1\";s:6:\"remark\";s:0:\"\";}', '1523871524'), ('105', '1', '127.0.0.1', '本机地址 本机地址  ', 'Mac', 'Firefox(59.0)', 'http://localhost:8011/admin/admin_group/index.html', 'admin', 'AdminGroup', 'index', 'GET', 'a:0:{}', '1523871524'), ('106', '1', '127.0.0.1', '本机地址 本机地址  ', 'Mac', 'Firefox(59.0)', 'http://localhost:8011/admin/admin_group/add.html', 'admin', 'AdminGroup', 'add', 'GET', 'a:0:{}', '1523871526'), ('107', '1', '127.0.0.1', '本机地址 本机地址  ', 'Mac', 'Firefox(59.0)', 'http://localhost:8011/admin/admin_group/add.html', 'admin', 'AdminGroup', 'add', 'POST', 'a:6:{s:2:\"id\";s:0:\"\";s:4:\"name\";s:12:\"专业信息\";s:4:\"icon\";s:0:\"\";s:4:\"sort\";s:1:\"6\";s:6:\"status\";s:1:\"1\";s:6:\"remark\";s:0:\"\";}', '1523871534'), ('108', '1', '127.0.0.1', '本机地址 本机地址  ', 'Mac', 'Firefox(59.0)', 'http://localhost:8011/admin/admin_group/index.html', 'admin', 'AdminGroup', 'index', 'GET', 'a:0:{}', '1523871534'), ('109', '1', '127.0.0.1', '本机地址 本机地址  ', 'Mac', 'Firefox(59.0)', 'http://localhost:8011/admin/admin_group/add.html', 'admin', 'AdminGroup', 'add', 'GET', 'a:0:{}', '1523871544'), ('110', '1', '127.0.0.1', '本机地址 本机地址  ', 'Mac', 'Firefox(59.0)', 'http://localhost:8011/admin/admin_group/add.html', 'admin', 'AdminGroup', 'add', 'POST', 'a:6:{s:2:\"id\";s:0:\"\";s:4:\"name\";s:12:\"班级信息\";s:4:\"icon\";s:0:\"\";s:4:\"sort\";s:1:\"7\";s:6:\"status\";s:1:\"1\";s:6:\"remark\";s:0:\"\";}', '1523871553'), ('111', '1', '127.0.0.1', '本机地址 本机地址  ', 'Mac', 'Firefox(59.0)', 'http://localhost:8011/admin/admin_group/index.html', 'admin', 'AdminGroup', 'index', 'GET', 'a:0:{}', '1523871553'), ('112', '1', '127.0.0.1', '本机地址 本机地址  ', 'Mac', 'Firefox(59.0)', 'http://localhost:8011/admin/admin_node/index.html', 'admin', 'AdminNode', 'index', 'GET', 'a:0:{}', '1523871554'), ('113', '1', '127.0.0.1', '本机地址 本机地址  ', 'Mac', 'Firefox(59.0)', 'http://localhost:8011/admin/admin_node/index', 'admin', 'AdminNode', 'index', 'POST', 'a:2:{s:4:\"type\";s:5:\"group\";s:9:\"module_id\";s:1:\"1\";}', '1523871554'), ('114', '1', '127.0.0.1', '本机地址 本机地址  ', 'Mac', 'Firefox(59.0)', 'http://localhost:8011/admin/admin_node/index', 'admin', 'AdminNode', 'index', 'POST', 'a:3:{s:4:\"type\";s:4:\"node\";s:9:\"module_id\";s:1:\"1\";s:8:\"group_id\";s:1:\"1\";}', '1523871554'), ('115', '1', '127.0.0.1', '本机地址 本机地址  ', 'Mac', 'Firefox(59.0)', 'http://localhost:8011/admin/admin_node/add?pid=1', 'admin', 'AdminNode', 'add', 'GET', 'a:1:{s:3:\"pid\";s:1:\"1\";}', '1523871557'), ('116', '1', '127.0.0.1', '本机地址 本机地址  ', 'Mac', 'Firefox(59.0)', 'http://localhost:8011/admin/admin_node/add', 'admin', 'AdminNode', 'add', 'POST', 'a:9:{s:2:\"id\";s:0:\"\";s:3:\"pid\";s:1:\"1\";s:5:\"level\";s:1:\"2\";s:8:\"group_id\";s:1:\"4\";s:5:\"title\";s:12:\"学院信息\";s:4:\"name\";s:7:\"Collage\";s:4:\"type\";s:1:\"1\";s:4:\"sort\";s:2:\"50\";s:6:\"status\";s:1:\"1\";}', '1523871583'), ('117', '1', '127.0.0.1', '本机地址 本机地址  ', 'Mac', 'Firefox(59.0)', 'http://localhost:8011/admin/admin_node/index.html', 'admin', 'AdminNode', 'index', 'GET', 'a:0:{}', '1523871583'), ('118', '1', '127.0.0.1', '本机地址 本机地址  ', 'Mac', 'Firefox(59.0)', 'http://localhost:8011/admin/admin_node/index', 'admin', 'AdminNode', 'index', 'POST', 'a:2:{s:4:\"type\";s:5:\"group\";s:9:\"module_id\";s:1:\"1\";}', '1523871583'), ('119', '1', '127.0.0.1', '本机地址 本机地址  ', 'Mac', 'Firefox(59.0)', 'http://localhost:8011/admin/admin_node/index', 'admin', 'AdminNode', 'index', 'POST', 'a:3:{s:4:\"type\";s:4:\"node\";s:9:\"module_id\";s:1:\"1\";s:8:\"group_id\";s:1:\"1\";}', '1523871583'), ('120', '1', '127.0.0.1', '本机地址 本机地址  ', 'Mac', 'Firefox(59.0)', 'http://localhost:8011/admin/admin_node/add?pid=1', 'admin', 'AdminNode', 'add', 'GET', 'a:1:{s:3:\"pid\";s:1:\"1\";}', '1523871586'), ('121', '1', '127.0.0.1', '本机地址 本机地址  ', 'Mac', 'Firefox(59.0)', 'http://localhost:8011/admin/admin_node/add', 'admin', 'AdminNode', 'add', 'POST', 'a:9:{s:2:\"id\";s:0:\"\";s:3:\"pid\";s:1:\"1\";s:5:\"level\";s:1:\"2\";s:8:\"group_id\";s:1:\"5\";s:5:\"title\";s:12:\"专业信息\";s:4:\"name\";s:10:\"Profession\";s:4:\"type\";s:1:\"1\";s:4:\"sort\";s:2:\"50\";s:6:\"status\";s:1:\"1\";}', '1523871602'), ('122', '1', '127.0.0.1', '本机地址 本机地址  ', 'Mac', 'Firefox(59.0)', 'http://localhost:8011/admin/admin_node/index.html', 'admin', 'AdminNode', 'index', 'GET', 'a:0:{}', '1523871602'), ('123', '1', '127.0.0.1', '本机地址 本机地址  ', 'Mac', 'Firefox(59.0)', 'http://localhost:8011/admin/admin_node/index', 'admin', 'AdminNode', 'index', 'POST', 'a:2:{s:4:\"type\";s:5:\"group\";s:9:\"module_id\";s:1:\"1\";}', '1523871602'), ('124', '1', '127.0.0.1', '本机地址 本机地址  ', 'Mac', 'Firefox(59.0)', 'http://localhost:8011/admin/admin_node/index', 'admin', 'AdminNode', 'index', 'POST', 'a:3:{s:4:\"type\";s:4:\"node\";s:9:\"module_id\";s:1:\"1\";s:8:\"group_id\";s:1:\"1\";}', '1523871602'), ('125', '1', '127.0.0.1', '本机地址 本机地址  ', 'Mac', 'Firefox(59.0)', 'http://localhost:8011/admin/admin_node/add?pid=1', 'admin', 'AdminNode', 'add', 'GET', 'a:1:{s:3:\"pid\";s:1:\"1\";}', '1523871604'), ('126', '1', '127.0.0.1', '本机地址 本机地址  ', 'Mac', 'Firefox(59.0)', 'http://localhost:8011/admin/generate/index.html', 'admin', 'Generate', 'index', 'GET', 'a:0:{}', '1523871670'), ('127', '1', '127.0.0.1', '本机地址 本机地址  ', 'Mac', 'Firefox(59.0)', 'http://localhost:8011/admin/generate/index.html?table=tp_class_infor', 'admin', 'Generate', 'index', 'GET', 'a:1:{s:5:\"table\";s:14:\"tp_class_infor\";}', '1523871675'), ('128', '1', '127.0.0.1', '本机地址 本机地址  ', 'Mac', 'Firefox(59.0)', 'http://localhost:8011/admin/generate/run.html', 'admin', 'Generate', 'run', 'POST', 'a:9:{s:4:\"file\";s:3:\"all\";s:6:\"module\";s:5:\"admin\";s:10:\"controller\";s:10:\"ClassInfor\";s:5:\"title\";s:0:\"\";s:4:\"form\";a:4:{i:1;a:8:{s:5:\"title\";s:6:\"编号\";s:4:\"name\";s:2:\"id\";s:4:\"type\";s:4:\"text\";s:6:\"option\";s:0:\"\";s:7:\"default\";s:0:\"\";s:6:\"search\";s:1:\"1\";s:11:\"search_type\";s:4:\"text\";s:8:\"validate\";a:3:{s:8:\"datatype\";s:0:\"\";s:7:\"nullmsg\";s:0:\"\";s:8:\"errormsg\";s:0:\"\";}}i:2;a:8:{s:5:\"title\";s:12:\"班级名称\";s:4:\"name\";s:10:\"class_name\";s:4:\"type\";s:4:\"text\";s:6:\"option\";s:0:\"\";s:7:\"default\";s:0:\"\";s:6:\"search\";s:1:\"1\";s:11:\"search_type\";s:4:\"text\";s:8:\"validate\";a:3:{s:8:\"datatype\";s:0:\"\";s:7:\"nullmsg\";s:0:\"\";s:8:\"errormsg\";s:0:\"\";}}i:3;a:8:{s:5:\"title\";s:12:\"所属专业\";s:4:\"name\";s:13:\"profession_id\";s:4:\"type\";s:4:\"text\";s:6:\"option\";s:0:\"\";s:7:\"default\";s:0:\"\";s:6:\"search\";s:1:\"1\";s:11:\"search_type\";s:6:\"select\";s:8:\"validate\";a:3:{s:8:\"datatype\";s:0:\"\";s:7:\"nullmsg\";s:0:\"\";s:8:\"errormsg\";s:0:\"\";}}i:4;a:8:{s:5:\"title\";s:12:\"所属学院\";s:4:\"name\";s:10:\"collage_id\";s:4:\"type\";s:4:\"text\";s:6:\"option\";s:0:\"\";s:7:\"default\";s:0:\"\";s:6:\"search\";s:1:\"1\";s:11:\"search_type\";s:6:\"select\";s:8:\"validate\";a:3:{s:8:\"datatype\";s:0:\"\";s:7:\"nullmsg\";s:0:\"\";s:8:\"errormsg\";s:0:\"\";}}}s:4:\"menu\";a:6:{i:0;s:3:\"add\";i:1;s:6:\"forbid\";i:2;s:6:\"resume\";i:3;s:6:\"delete\";i:4;s:10:\"recycleBin\";i:5;s:9:\"saveOrder\";}s:5:\"model\";s:1:\"1\";s:14:\"auto_timestamp\";s:1:\"1\";s:8:\"validate\";s:1:\"1\";}', '1523871708'), ('129', '1', '127.0.0.1', '本机地址 本机地址  ', 'Mac', 'Firefox(59.0)', 'http://localhost:8011/admin/class_infor/index.html', 'admin', 'ClassInfor', 'index', 'GET', 'a:0:{}', '1523871710'), ('130', '1', '127.0.0.1', '本机地址 本机地址  ', 'Mac', 'Firefox(59.0)', 'http://localhost:8011/admin/admin_group/index.html', 'admin', 'AdminGroup', 'index', 'GET', 'a:0:{}', '1523871759'), ('131', '1', '127.0.0.1', '本机地址 本机地址  ', 'Mac', 'Firefox(59.0)', 'http://localhost:8011/admin/admin_node/index.html', 'admin', 'AdminNode', 'index', 'GET', 'a:0:{}', '1523871761'), ('132', '1', '127.0.0.1', '本机地址 本机地址  ', 'Mac', 'Firefox(59.0)', 'http://localhost:8011/admin/admin_node/index', 'admin', 'AdminNode', 'index', 'POST', 'a:2:{s:4:\"type\";s:5:\"group\";s:9:\"module_id\";s:1:\"1\";}', '1523871761'), ('133', '1', '127.0.0.1', '本机地址 本机地址  ', 'Mac', 'Firefox(59.0)', 'http://localhost:8011/admin/admin_node/index', 'admin', 'AdminNode', 'index', 'POST', 'a:3:{s:4:\"type\";s:4:\"node\";s:9:\"module_id\";s:1:\"1\";s:8:\"group_id\";s:1:\"1\";}', '1523871761'), ('134', '1', '127.0.0.1', '本机地址 本机地址  ', 'Mac', 'Firefox(59.0)', 'http://localhost:8011/admin/admin_node/add?pid=1', 'admin', 'AdminNode', 'add', 'GET', 'a:1:{s:3:\"pid\";s:1:\"1\";}', '1523871763'), ('135', '1', '127.0.0.1', '本机地址 本机地址  ', 'Mac', 'Firefox(59.0)', 'http://localhost:8011/admin/admin_node/add', 'admin', 'AdminNode', 'add', 'POST', 'a:9:{s:2:\"id\";s:0:\"\";s:3:\"pid\";s:1:\"1\";s:5:\"level\";s:1:\"2\";s:8:\"group_id\";s:1:\"6\";s:5:\"title\";s:12:\"班级信息\";s:4:\"name\";s:10:\"ClassInfor\";s:4:\"type\";s:1:\"1\";s:4:\"sort\";s:2:\"50\";s:6:\"status\";s:1:\"1\";}', '1523871779'), ('136', '1', '127.0.0.1', '本机地址 本机地址  ', 'Mac', 'Firefox(59.0)', 'http://localhost:8011/admin/admin_node/index.html', 'admin', 'AdminNode', 'index', 'GET', 'a:0:{}', '1523871779'), ('137', '1', '127.0.0.1', '本机地址 本机地址  ', 'Mac', 'Firefox(59.0)', 'http://localhost:8011/admin/admin_node/index', 'admin', 'AdminNode', 'index', 'POST', 'a:2:{s:4:\"type\";s:5:\"group\";s:9:\"module_id\";s:1:\"1\";}', '1523871779'), ('138', '1', '127.0.0.1', '本机地址 本机地址  ', 'Mac', 'Firefox(59.0)', 'http://localhost:8011/admin/admin_node/index', 'admin', 'AdminNode', 'index', 'POST', 'a:3:{s:4:\"type\";s:4:\"node\";s:9:\"module_id\";s:1:\"1\";s:8:\"group_id\";s:1:\"1\";}', '1523871780'), ('139', '1', '127.0.0.1', '本机地址 本机地址  ', 'Mac', 'Firefox(59.0)', 'http://localhost:8011/admin/index/index.html', 'admin', 'Index', 'index', 'GET', 'a:0:{}', '1523871793'), ('140', '1', '127.0.0.1', '本机地址 本机地址  ', 'Mac', 'Firefox(59.0)', 'http://localhost:8011/admin/index/welcome.html', 'admin', 'Index', 'welcome', 'GET', 'a:0:{}', '1523871793'), ('141', '1', '127.0.0.1', '本机地址 本机地址  ', 'Mac', 'Firefox(59.0)', 'http://localhost:8011/admin/collage/index.html', 'admin', 'Collage', 'index', 'GET', 'a:0:{}', '1523871795'), ('142', '1', '127.0.0.1', '本机地址 本机地址  ', 'Mac', 'Firefox(59.0)', 'http://localhost:8011/admin/collage/add.html', 'admin', 'Collage', 'add', 'GET', 'a:0:{}', '1523871798'), ('143', '1', '127.0.0.1', '本机地址 本机地址  ', 'Mac', 'Firefox(59.0)', 'http://localhost:8011/admin/collage/add.html', 'admin', 'Collage', 'add', 'POST', 'a:2:{s:2:\"id\";s:0:\"\";s:12:\"collage_name\";s:24:\"河北大学工商学院\";}', '1523872028'), ('144', '1', '127.0.0.1', '本机地址 本机地址  ', 'Mac', 'Firefox(59.0)', 'http://localhost:8011/admin/collage/index.html', 'admin', 'Collage', 'index', 'GET', 'a:0:{}', '1523872028'), ('145', '1', '127.0.0.1', '本机地址 本机地址  ', 'Mac', 'Firefox(59.0)', 'http://localhost:8011/admin/profession/index.html', 'admin', 'Profession', 'index', 'GET', 'a:0:{}', '1523872036'), ('146', '1', '127.0.0.1', '本机地址 本机地址  ', 'Mac', 'Firefox(59.0)', 'http://localhost:8011/admin/profession/add.html', 'admin', 'Profession', 'add', 'GET', 'a:0:{}', '1523872037'), ('147', '1', '127.0.0.1', '本机地址 本机地址  ', 'Mac', 'Firefox(59.0)', 'http://localhost:8011/admin/profession/add.html', 'admin', 'Profession', 'add', 'POST', 'a:3:{s:2:\"id\";s:0:\"\";s:15:\"profession_name\";s:12:\"软件工程\";s:10:\"collage_id\";s:1:\"1\";}', '1523872063'), ('148', '1', '127.0.0.1', '本机地址 本机地址  ', 'Mac', 'Firefox(59.0)', 'http://localhost:8011/admin/profession/index.html', 'admin', 'Profession', 'index', 'GET', 'a:0:{}', '1523872063'), ('149', '1', '127.0.0.1', '本机地址 本机地址  ', 'Mac', 'Firefox(59.0)', 'http://localhost:8011/admin/class_infor/index.html', 'admin', 'ClassInfor', 'index', 'GET', 'a:0:{}', '1523872077'), ('150', '1', '127.0.0.1', '本机地址 本机地址  ', 'Mac', 'Firefox(59.0)', 'http://localhost:8011/admin/class_infor/add.html', 'admin', 'ClassInfor', 'add', 'GET', 'a:0:{}', '1523872079'), ('151', '1', '127.0.0.1', '本机地址 本机地址  ', 'Mac', 'Firefox(59.0)', 'http://localhost:8011/admin/class_infor/add.html', 'admin', 'ClassInfor', 'add', 'POST', 'a:4:{s:2:\"id\";s:0:\"\";s:10:\"class_name\";s:8:\"14软一\";s:13:\"profession_id\";s:1:\"1\";s:10:\"collage_id\";s:1:\"1\";}', '1523872091'), ('152', '1', '127.0.0.1', '本机地址 本机地址  ', 'Mac', 'Firefox(59.0)', 'http://localhost:8011/admin/class_infor/index.html', 'admin', 'ClassInfor', 'index', 'GET', 'a:0:{}', '1523872091'), ('153', '1', '127.0.0.1', '本机地址 本机地址  ', 'Mac', 'Firefox(59.0)', 'http://localhost:8011/admin/profession/index.html', 'admin', 'Profession', 'index', 'GET', 'a:0:{}', '1523872096'), ('154', '1', '127.0.0.1', '本机地址 本机地址  ', 'Mac', 'Firefox(59.0)', 'http://localhost:8011/admin/profession/edit/id/1.html', 'admin', 'Profession', 'edit', 'GET', 'a:1:{s:2:\"id\";s:1:\"1\";}', '1523872106');
COMMIT;

-- ----------------------------
--  Table structure for `tp_web_log_all`
-- ----------------------------
DROP TABLE IF EXISTS `tp_web_log_all`;
CREATE TABLE `tp_web_log_all` (
  `id` int(10) unsigned NOT NULL AUTO_INCREMENT COMMENT '日志主键',
  `uid` smallint(5) unsigned NOT NULL DEFAULT '0' COMMENT '用户id',
  `ip` char(15) NOT NULL DEFAULT '' COMMENT '访客ip',
  `location` varchar(255) NOT NULL DEFAULT '' COMMENT '访客地址',
  `os` varchar(255) NOT NULL DEFAULT '' COMMENT '操作系统',
  `browser` varchar(255) NOT NULL DEFAULT '' COMMENT '浏览器',
  `url` varchar(255) NOT NULL DEFAULT '' COMMENT 'url',
  `module` varchar(255) NOT NULL DEFAULT '' COMMENT '模块',
  `controller` varchar(255) NOT NULL DEFAULT '' COMMENT '控制器',
  `action` varchar(255) NOT NULL DEFAULT '' COMMENT '方法',
  `method` char(6) NOT NULL DEFAULT '' COMMENT '请求方式',
  `data` text COMMENT '请求的param数据，serialize后的',
  `create_at` int(10) unsigned NOT NULL DEFAULT '0' COMMENT '操作时间',
  PRIMARY KEY (`id`),
  KEY `uid` (`uid`) USING BTREE,
  KEY `ip` (`ip`) USING BTREE,
  KEY `create_at` (`create_at`) USING BTREE
) ENGINE=MRG_MyISAM DEFAULT CHARSET=utf8 ROW_FORMAT=DYNAMIC INSERT_METHOD=LAST UNION=(`tp_web_log_001`) COMMENT='网站日志';

-- ----------------------------
--  Records of `tp_web_log_all`
-- ----------------------------
BEGIN;
INSERT INTO `tp_web_log_all` VALUES ('1', '0', '127.0.0.1', '本机地址 本机地址  ', 'Mac', 'Firefox(59.0)', 'http://localhost:8011/admin.html', 'admin', 'Index', 'index', 'GET', 'a:0:{}', '1523672969'), ('2', '0', '127.0.0.1', '本机地址 本机地址  ', 'Mac', 'Firefox(59.0)', 'http://localhost:8011/admin/pub/login.html', 'admin', 'Pub', 'login', 'GET', 'a:0:{}', '1523672969'), ('3', '0', '127.0.0.1', '本机地址 本机地址  ', 'Mac', 'Firefox(59.0)', 'http://localhost:8011/admin/pub/checklogin.html', 'admin', 'Pub', 'checklogin', 'POST', 'a:3:{s:7:\"account\";s:5:\"admin\";s:8:\"password\";s:6:\"123456\";s:7:\"captcha\";s:4:\"xfr5\";}', '1523672982'), ('4', '1', '127.0.0.1', '本机地址 本机地址  ', 'Mac', 'Firefox(59.0)', 'http://localhost:8011/admin/index/index.html', 'admin', 'Index', 'index', 'GET', 'a:0:{}', '1523672982'), ('5', '1', '127.0.0.1', '本机地址 本机地址  ', 'Mac', 'Firefox(59.0)', 'http://localhost:8011/admin/index/welcome.html', 'admin', 'Index', 'welcome', 'GET', 'a:0:{}', '1523672983'), ('6', '1', '127.0.0.1', '本机地址 本机地址  ', 'Mac', 'Firefox(59.0)', 'http://localhost:8011/admin/generate/index.html', 'admin', 'Generate', 'index', 'GET', 'a:0:{}', '1523673026'), ('7', '1', '127.0.0.1', '本机地址 本机地址  ', 'Mac', 'Firefox(59.0)', 'http://localhost:8011/admin/pub/profile.html', 'admin', 'Pub', 'profile', 'GET', 'a:0:{}', '1523673804'), ('8', '1', '127.0.0.1', '本机地址 本机地址  ', 'Mac', 'Firefox(59.0)', 'http://localhost:8011/admin/index/index.html', 'admin', 'Index', 'index', 'GET', 'a:0:{}', '1523673834'), ('9', '1', '127.0.0.1', '本机地址 本机地址  ', 'Mac', 'Firefox(59.0)', 'http://localhost:8011/admin/index/welcome.html', 'admin', 'Index', 'welcome', 'GET', 'a:0:{}', '1523673834'), ('10', '1', '127.0.0.1', '本机地址 本机地址  ', 'Mac', 'Firefox(59.0)', 'http://localhost:8011/admin/index/index.html', 'admin', 'Index', 'index', 'GET', 'a:0:{}', '1523673923'), ('11', '1', '127.0.0.1', '本机地址 本机地址  ', 'Mac', 'Firefox(59.0)', 'http://localhost:8011/admin/index/welcome.html', 'admin', 'Index', 'welcome', 'GET', 'a:0:{}', '1523673923'), ('12', '1', '127.0.0.1', '本机地址 本机地址  ', 'Mac', 'Firefox(59.0)', 'http://localhost:8011/admin.html', 'admin', 'Index', 'index', 'GET', 'a:0:{}', '1523674104'), ('13', '1', '127.0.0.1', '本机地址 本机地址  ', 'Mac', 'Firefox(59.0)', 'http://localhost:8011/admin/index/welcome.html', 'admin', 'Index', 'welcome', 'GET', 'a:0:{}', '1523674104'), ('14', '1', '127.0.0.1', '本机地址 本机地址  ', 'Mac', 'Firefox(59.0)', 'http://localhost:8011/admin.html', 'admin', 'Index', 'index', 'GET', 'a:0:{}', '1523674779'), ('15', '1', '127.0.0.1', '本机地址 本机地址  ', 'Mac', 'Firefox(59.0)', 'http://localhost:8011/admin/index/welcome.html', 'admin', 'Index', 'welcome', 'GET', 'a:0:{}', '1523674779'), ('16', '1', '127.0.0.1', '本机地址 本机地址  ', 'Mac', 'Firefox(59.0)', 'http://localhost:8011/admin.html', 'admin', 'Index', 'index', 'GET', 'a:0:{}', '1523674939'), ('17', '1', '127.0.0.1', '本机地址 本机地址  ', 'Mac', 'Firefox(59.0)', 'http://localhost:8011/admin/index/welcome.html', 'admin', 'Index', 'welcome', 'GET', 'a:0:{}', '1523674939'), ('18', '1', '127.0.0.1', '本机地址 本机地址  ', 'Mac', 'Firefox(59.0)', 'http://localhost:8011/admin.html', 'admin', 'Index', 'index', 'GET', 'a:0:{}', '1523675005'), ('19', '1', '127.0.0.1', '本机地址 本机地址  ', 'Mac', 'Firefox(59.0)', 'http://localhost:8011/admin/index/welcome.html', 'admin', 'Index', 'welcome', 'GET', 'a:0:{}', '1523675005'), ('20', '1', '127.0.0.1', '本机地址 本机地址  ', 'Mac', 'Firefox(59.0)', 'http://localhost:8011/admin/index/welcome.html', 'admin', 'Index', 'welcome', 'GET', 'a:0:{}', '1523675164'), ('21', '1', '127.0.0.1', '本机地址 本机地址  ', 'Mac', 'Firefox(59.0)', 'http://localhost:8011/admin/generate/index.html', 'admin', 'Generate', 'index', 'GET', 'a:0:{}', '1523675166'), ('22', '1', '127.0.0.1', '本机地址 本机地址  ', 'Mac', 'Firefox(59.0)', 'http://localhost:8011/admin.html', 'admin', 'Index', 'index', 'GET', 'a:0:{}', '1523692689'), ('23', '1', '127.0.0.1', '本机地址 本机地址  ', 'Mac', 'Firefox(59.0)', 'http://localhost:8011/admin/index/welcome.html', 'admin', 'Index', 'welcome', 'GET', 'a:0:{}', '1523692689'), ('24', '0', '127.0.0.1', '本机地址 本机地址  ', 'Mac', 'Firefox(59.0)', 'http://localhost:8011/admin.html', 'admin', 'Index', 'index', 'GET', 'a:0:{}', '1523868142'), ('25', '0', '127.0.0.1', '本机地址 本机地址  ', 'Mac', 'Firefox(59.0)', 'http://localhost:8011/admin/pub/login.html', 'admin', 'Pub', 'login', 'GET', 'a:0:{}', '1523868142'), ('26', '0', '127.0.0.1', '本机地址 本机地址  ', 'Mac', 'Firefox(59.0)', 'http://localhost:8011/admin/pub/checklogin.html', 'admin', 'Pub', 'checklogin', 'POST', 'a:4:{s:7:\"account\";s:5:\"admin\";s:8:\"password\";s:6:\"123456\";s:7:\"captcha\";s:4:\"xy2i\";s:6:\"online\";s:1:\"1\";}', '1523868149'), ('27', '1', '127.0.0.1', '本机地址 本机地址  ', 'Mac', 'Firefox(59.0)', 'http://localhost:8011/admin/index/index.html', 'admin', 'Index', 'index', 'GET', 'a:0:{}', '1523868149'), ('28', '1', '127.0.0.1', '本机地址 本机地址  ', 'Mac', 'Firefox(59.0)', 'http://localhost:8011/admin/index/welcome.html', 'admin', 'Index', 'welcome', 'GET', 'a:0:{}', '1523868149'), ('29', '1', '127.0.0.1', '本机地址 本机地址  ', 'Mac', 'Firefox(59.0)', 'http://localhost:8011/admin/generate/index.html', 'admin', 'Generate', 'index', 'GET', 'a:0:{}', '1523868177'), ('30', '1', '127.0.0.1', '本机地址 本机地址  ', 'Mac', 'Firefox(59.0)', 'http://localhost:8011/admin/index/index.html', 'admin', 'Index', 'index', 'GET', 'a:0:{}', '1523869043'), ('31', '1', '127.0.0.1', '本机地址 本机地址  ', 'Mac', 'Firefox(59.0)', 'http://localhost:8011/admin/index/welcome.html', 'admin', 'Index', 'welcome', 'GET', 'a:0:{}', '1523869044'), ('32', '1', '127.0.0.1', '本机地址 本机地址  ', 'Mac', 'Firefox(59.0)', 'http://localhost:8011/admin/generate/index.html', 'admin', 'Generate', 'index', 'GET', 'a:0:{}', '1523869046'), ('33', '1', '127.0.0.1', '本机地址 本机地址  ', 'Mac', 'Firefox(59.0)', 'http://localhost:8011/admin/generate/index.html?table=tp_student_information', 'admin', 'Generate', 'index', 'GET', 'a:1:{s:5:\"table\";s:22:\"tp_student_information\";}', '1523869058'), ('34', '1', '127.0.0.1', '本机地址 本机地址  ', 'Mac', 'Firefox(59.0)', 'http://localhost:8011/admin/generate/run.html', 'admin', 'Generate', 'run', 'POST', 'a:9:{s:4:\"file\";s:3:\"all\";s:6:\"module\";s:5:\"admin\";s:10:\"controller\";s:18:\"StudentInformation\";s:5:\"title\";s:0:\"\";s:4:\"form\";a:14:{i:1;a:8:{s:5:\"title\";s:6:\"编号\";s:4:\"name\";s:2:\"id\";s:4:\"type\";s:4:\"text\";s:6:\"option\";s:0:\"\";s:7:\"default\";s:0:\"\";s:6:\"search\";s:1:\"1\";s:11:\"search_type\";s:4:\"text\";s:8:\"validate\";a:3:{s:8:\"datatype\";s:0:\"\";s:7:\"nullmsg\";s:0:\"\";s:8:\"errormsg\";s:0:\"\";}}i:2;a:8:{s:5:\"title\";s:12:\"学生学号\";s:4:\"name\";s:11:\"student_num\";s:4:\"type\";s:4:\"text\";s:6:\"option\";s:0:\"\";s:7:\"default\";s:0:\"\";s:6:\"search\";s:1:\"1\";s:11:\"search_type\";s:4:\"text\";s:8:\"validate\";a:3:{s:8:\"datatype\";s:0:\"\";s:7:\"nullmsg\";s:0:\"\";s:8:\"errormsg\";s:0:\"\";}}i:3;a:8:{s:5:\"title\";s:12:\"学生姓名\";s:4:\"name\";s:12:\"student_name\";s:4:\"type\";s:4:\"text\";s:6:\"option\";s:0:\"\";s:7:\"default\";s:0:\"\";s:6:\"search\";s:1:\"1\";s:11:\"search_type\";s:4:\"text\";s:8:\"validate\";a:3:{s:8:\"datatype\";s:0:\"\";s:7:\"nullmsg\";s:0:\"\";s:8:\"errormsg\";s:0:\"\";}}i:4;a:7:{s:5:\"title\";s:12:\"身份证号\";s:4:\"name\";s:9:\"id_number\";s:4:\"type\";s:4:\"text\";s:6:\"option\";s:0:\"\";s:7:\"default\";s:0:\"\";s:11:\"search_type\";s:4:\"text\";s:8:\"validate\";a:3:{s:8:\"datatype\";s:42:\"/(^\\d{15}$)|(^\\d{18}$)|(^\\d{17}(\\d|X|x)$)/\";s:7:\"nullmsg\";s:0:\"\";s:8:\"errormsg\";s:24:\"身份证号格式错误\";}}i:5;a:8:{s:5:\"title\";s:6:\"性别\";s:4:\"name\";s:6:\"gender\";s:4:\"type\";s:4:\"text\";s:6:\"option\";s:0:\"\";s:7:\"default\";s:0:\"\";s:6:\"search\";s:1:\"1\";s:11:\"search_type\";s:6:\"select\";s:8:\"validate\";a:3:{s:8:\"datatype\";s:0:\"\";s:7:\"nullmsg\";s:0:\"\";s:8:\"errormsg\";s:0:\"\";}}i:6;a:7:{s:5:\"title\";s:6:\"籍贯\";s:4:\"name\";s:6:\"nation\";s:4:\"type\";s:4:\"text\";s:6:\"option\";s:0:\"\";s:7:\"default\";s:0:\"\";s:11:\"search_type\";s:4:\"text\";s:8:\"validate\";a:3:{s:8:\"datatype\";s:0:\"\";s:7:\"nullmsg\";s:0:\"\";s:8:\"errormsg\";s:0:\"\";}}i:7;a:7:{s:5:\"title\";s:12:\"出生日期\";s:4:\"name\";s:8:\"birthday\";s:4:\"type\";s:4:\"text\";s:6:\"option\";s:0:\"\";s:7:\"default\";s:0:\"\";s:11:\"search_type\";s:4:\"text\";s:8:\"validate\";a:3:{s:8:\"datatype\";s:0:\"\";s:7:\"nullmsg\";s:0:\"\";s:8:\"errormsg\";s:0:\"\";}}i:8;a:7:{s:5:\"title\";s:12:\"联系电话\";s:4:\"name\";s:5:\"phone\";s:4:\"type\";s:4:\"text\";s:6:\"option\";s:0:\"\";s:7:\"default\";s:0:\"\";s:11:\"search_type\";s:4:\"text\";s:8:\"validate\";a:3:{s:8:\"datatype\";s:26:\"/^1[3|4|5|7|8|9][0-9]{9}$/\";s:7:\"nullmsg\";s:0:\"\";s:8:\"errormsg\";s:21:\"手机号格式错误\";}}i:9;a:7:{s:5:\"title\";s:12:\"家庭住址\";s:4:\"name\";s:7:\"address\";s:4:\"type\";s:4:\"text\";s:6:\"option\";s:0:\"\";s:7:\"default\";s:0:\"\";s:11:\"search_type\";s:4:\"text\";s:8:\"validate\";a:3:{s:8:\"datatype\";s:0:\"\";s:7:\"nullmsg\";s:0:\"\";s:8:\"errormsg\";s:0:\"\";}}i:10;a:7:{s:5:\"title\";s:12:\"政治面貌\";s:4:\"name\";s:4:\"face\";s:4:\"type\";s:4:\"text\";s:6:\"option\";s:0:\"\";s:7:\"default\";s:0:\"\";s:11:\"search_type\";s:6:\"select\";s:8:\"validate\";a:3:{s:8:\"datatype\";s:0:\"\";s:7:\"nullmsg\";s:0:\"\";s:8:\"errormsg\";s:0:\"\";}}i:11;a:8:{s:5:\"title\";s:6:\"年级\";s:4:\"name\";s:4:\"year\";s:4:\"type\";s:4:\"text\";s:6:\"option\";s:0:\"\";s:7:\"default\";s:0:\"\";s:6:\"search\";s:1:\"1\";s:11:\"search_type\";s:6:\"select\";s:8:\"validate\";a:3:{s:8:\"datatype\";s:0:\"\";s:7:\"nullmsg\";s:0:\"\";s:8:\"errormsg\";s:0:\"\";}}i:14;a:8:{s:5:\"title\";s:12:\"所属学院\";s:4:\"name\";s:10:\"collage_id\";s:4:\"type\";s:4:\"text\";s:6:\"option\";s:0:\"\";s:7:\"default\";s:0:\"\";s:6:\"search\";s:1:\"1\";s:11:\"search_type\";s:6:\"select\";s:8:\"validate\";a:3:{s:8:\"datatype\";s:0:\"\";s:7:\"nullmsg\";s:0:\"\";s:8:\"errormsg\";s:0:\"\";}}i:15;a:8:{s:5:\"title\";s:12:\"所属专业\";s:4:\"name\";s:13:\"profession_id\";s:4:\"type\";s:4:\"text\";s:6:\"option\";s:0:\"\";s:7:\"default\";s:0:\"\";s:6:\"search\";s:1:\"1\";s:11:\"search_type\";s:6:\"select\";s:8:\"validate\";a:3:{s:8:\"datatype\";s:0:\"\";s:7:\"nullmsg\";s:0:\"\";s:8:\"errormsg\";s:0:\"\";}}i:16;a:8:{s:5:\"title\";s:12:\"所属班级\";s:4:\"name\";s:8:\"class_id\";s:4:\"type\";s:4:\"text\";s:6:\"option\";s:0:\"\";s:7:\"default\";s:0:\"\";s:6:\"search\";s:1:\"1\";s:11:\"search_type\";s:6:\"select\";s:8:\"validate\";a:3:{s:8:\"datatype\";s:0:\"\";s:7:\"nullmsg\";s:0:\"\";s:8:\"errormsg\";s:0:\"\";}}}s:4:\"menu\";a:6:{i:0;s:3:\"add\";i:1;s:6:\"forbid\";i:2;s:6:\"resume\";i:3;s:6:\"delete\";i:4;s:10:\"recycleBin\";i:5;s:9:\"saveOrder\";}s:5:\"model\";s:1:\"1\";s:14:\"auto_timestamp\";s:1:\"1\";s:8:\"validate\";s:1:\"1\";}', '1523869774'), ('35', '1', '127.0.0.1', '本机地址 本机地址  ', 'Mac', 'Firefox(59.0)', 'http://localhost:8011/admin/student_information/index.html', 'admin', 'StudentInformation', 'index', 'GET', 'a:0:{}', '1523869781'), ('36', '1', '127.0.0.1', '本机地址 本机地址  ', 'Mac', 'Firefox(59.0)', 'http://localhost:8011/admin/admin_group/index.html', 'admin', 'AdminGroup', 'index', 'GET', 'a:0:{}', '1523869822'), ('37', '1', '127.0.0.1', '本机地址 本机地址  ', 'Mac', 'Firefox(59.0)', 'http://localhost:8011/admin/admin_node/index.html', 'admin', 'AdminNode', 'index', 'GET', 'a:0:{}', '1523869824'), ('38', '1', '127.0.0.1', '本机地址 本机地址  ', 'Mac', 'Firefox(59.0)', 'http://localhost:8011/admin/admin_node/index', 'admin', 'AdminNode', 'index', 'POST', 'a:2:{s:4:\"type\";s:5:\"group\";s:9:\"module_id\";s:1:\"1\";}', '1523869825'), ('39', '1', '127.0.0.1', '本机地址 本机地址  ', 'Mac', 'Firefox(59.0)', 'http://localhost:8011/admin/admin_node/index', 'admin', 'AdminNode', 'index', 'POST', 'a:3:{s:4:\"type\";s:4:\"node\";s:9:\"module_id\";s:1:\"1\";s:8:\"group_id\";s:1:\"1\";}', '1523869825'), ('40', '1', '127.0.0.1', '本机地址 本机地址  ', 'Mac', 'Firefox(59.0)', 'http://localhost:8011/admin/admin_role/index.html', 'admin', 'AdminRole', 'index', 'GET', 'a:0:{}', '1523869827'), ('41', '1', '127.0.0.1', '本机地址 本机地址  ', 'Mac', 'Firefox(59.0)', 'http://localhost:8011/admin/admin_user/index.html', 'admin', 'AdminUser', 'index', 'GET', 'a:0:{}', '1523869833'), ('42', '1', '127.0.0.1', '本机地址 本机地址  ', 'Mac', 'Firefox(59.0)', 'http://localhost:8011/admin/node_map/index.html', 'admin', 'NodeMap', 'index', 'GET', 'a:0:{}', '1523869837'), ('43', '1', '127.0.0.1', '本机地址 本机地址  ', 'Mac', 'Firefox(59.0)', 'http://localhost:8011/admin/web_log/index.html', 'admin', 'WebLog', 'index', 'GET', 'a:0:{}', '1523869838'), ('44', '1', '127.0.0.1', '本机地址 本机地址  ', 'Mac', 'Firefox(59.0)', 'http://localhost:8011/admin/login_log/index.html', 'admin', 'LoginLog', 'index', 'GET', 'a:0:{}', '1523869840'), ('45', '1', '127.0.0.1', '本机地址 本机地址  ', 'Mac', 'Firefox(59.0)', 'http://localhost:8011/admin/admin_group/index.html', 'admin', 'AdminGroup', 'index', 'GET', 'a:0:{}', '1523869842'), ('46', '1', '127.0.0.1', '本机地址 本机地址  ', 'Mac', 'Firefox(59.0)', 'http://localhost:8011/admin/admin_node/index.html', 'admin', 'AdminNode', 'index', 'GET', 'a:0:{}', '1523869842'), ('47', '1', '127.0.0.1', '本机地址 本机地址  ', 'Mac', 'Firefox(59.0)', 'http://localhost:8011/admin/admin_node/index', 'admin', 'AdminNode', 'index', 'POST', 'a:2:{s:4:\"type\";s:5:\"group\";s:9:\"module_id\";s:1:\"1\";}', '1523869842'), ('48', '1', '127.0.0.1', '本机地址 本机地址  ', 'Mac', 'Firefox(59.0)', 'http://localhost:8011/admin/admin_node/index', 'admin', 'AdminNode', 'index', 'POST', 'a:3:{s:4:\"type\";s:4:\"node\";s:9:\"module_id\";s:1:\"1\";s:8:\"group_id\";s:1:\"1\";}', '1523869842'), ('49', '1', '127.0.0.1', '本机地址 本机地址  ', 'Mac', 'Firefox(59.0)', 'http://localhost:8011/admin/admin_node/index', 'admin', 'AdminNode', 'index', 'POST', 'a:2:{s:4:\"type\";s:5:\"group\";s:9:\"module_id\";s:1:\"1\";}', '1523869847'), ('50', '1', '127.0.0.1', '本机地址 本机地址  ', 'Mac', 'Firefox(59.0)', 'http://localhost:8011/admin/admin_node/index', 'admin', 'AdminNode', 'index', 'POST', 'a:3:{s:4:\"type\";s:4:\"node\";s:9:\"module_id\";s:1:\"1\";s:8:\"group_id\";s:1:\"1\";}', '1523869847'), ('51', '1', '127.0.0.1', '本机地址 本机地址  ', 'Mac', 'Firefox(59.0)', 'http://localhost:8011/admin/admin_node/add?pid=1', 'admin', 'AdminNode', 'add', 'GET', 'a:1:{s:3:\"pid\";s:1:\"1\";}', '1523869849'), ('52', '1', '127.0.0.1', '本机地址 本机地址  ', 'Mac', 'Firefox(59.0)', 'http://localhost:8011/admin/admin_group/index.html', 'admin', 'AdminGroup', 'index', 'GET', 'a:0:{}', '1523869856'), ('53', '1', '127.0.0.1', '本机地址 本机地址  ', 'Mac', 'Firefox(59.0)', 'http://localhost:8011/admin/admin_group/add.html', 'admin', 'AdminGroup', 'add', 'GET', 'a:0:{}', '1523869870'), ('54', '1', '127.0.0.1', '本机地址 本机地址  ', 'Mac', 'Firefox(59.0)', 'http://localhost:8011/admin/admin_group/add.html', 'admin', 'AdminGroup', 'add', 'POST', 'a:6:{s:2:\"id\";s:0:\"\";s:4:\"name\";s:12:\"学生信息\";s:4:\"icon\";s:0:\"\";s:4:\"sort\";s:1:\"4\";s:6:\"status\";s:1:\"1\";s:6:\"remark\";s:0:\"\";}', '1523869891'), ('55', '1', '127.0.0.1', '本机地址 本机地址  ', 'Mac', 'Firefox(59.0)', 'http://localhost:8011/admin/admin_group/index.html', 'admin', 'AdminGroup', 'index', 'GET', 'a:0:{}', '1523869892'), ('56', '1', '127.0.0.1', '本机地址 本机地址  ', 'Mac', 'Firefox(59.0)', 'http://localhost:8011/admin/admin_node/index.html', 'admin', 'AdminNode', 'index', 'GET', 'a:0:{}', '1523869894'), ('57', '1', '127.0.0.1', '本机地址 本机地址  ', 'Mac', 'Firefox(59.0)', 'http://localhost:8011/admin/admin_node/index', 'admin', 'AdminNode', 'index', 'POST', 'a:2:{s:4:\"type\";s:5:\"group\";s:9:\"module_id\";s:1:\"1\";}', '1523869894'), ('58', '1', '127.0.0.1', '本机地址 本机地址  ', 'Mac', 'Firefox(59.0)', 'http://localhost:8011/admin/admin_node/index', 'admin', 'AdminNode', 'index', 'POST', 'a:3:{s:4:\"type\";s:4:\"node\";s:9:\"module_id\";s:1:\"1\";s:8:\"group_id\";s:1:\"1\";}', '1523869894'), ('59', '1', '127.0.0.1', '本机地址 本机地址  ', 'Mac', 'Firefox(59.0)', 'http://localhost:8011/admin/admin_node/add?pid=1', 'admin', 'AdminNode', 'add', 'GET', 'a:1:{s:3:\"pid\";s:1:\"1\";}', '1523869911'), ('60', '1', '127.0.0.1', '本机地址 本机地址  ', 'Mac', 'Firefox(59.0)', 'http://localhost:8011/admin/admin_node/add', 'admin', 'AdminNode', 'add', 'POST', 'a:9:{s:2:\"id\";s:0:\"\";s:3:\"pid\";s:1:\"1\";s:5:\"level\";s:1:\"2\";s:8:\"group_id\";s:1:\"3\";s:5:\"title\";s:12:\"学生信息\";s:4:\"name\";s:18:\"StudentInformation\";s:4:\"type\";s:1:\"1\";s:4:\"sort\";s:1:\"2\";s:6:\"status\";s:1:\"1\";}', '1523869951'), ('61', '1', '127.0.0.1', '本机地址 本机地址  ', 'Mac', 'Firefox(59.0)', 'http://localhost:8011/admin/admin_node/index.html', 'admin', 'AdminNode', 'index', 'GET', 'a:0:{}', '1523869951'), ('62', '1', '127.0.0.1', '本机地址 本机地址  ', 'Mac', 'Firefox(59.0)', 'http://localhost:8011/admin/admin_node/index', 'admin', 'AdminNode', 'index', 'POST', 'a:2:{s:4:\"type\";s:5:\"group\";s:9:\"module_id\";s:1:\"1\";}', '1523869951'), ('63', '1', '127.0.0.1', '本机地址 本机地址  ', 'Mac', 'Firefox(59.0)', 'http://localhost:8011/admin/admin_node/index', 'admin', 'AdminNode', 'index', 'POST', 'a:3:{s:4:\"type\";s:4:\"node\";s:9:\"module_id\";s:1:\"1\";s:8:\"group_id\";s:1:\"1\";}', '1523869951'), ('64', '1', '127.0.0.1', '本机地址 本机地址  ', 'Mac', 'Firefox(59.0)', 'http://localhost:8011/admin/admin_node/index', 'admin', 'AdminNode', 'index', 'POST', 'a:3:{s:4:\"type\";s:4:\"node\";s:9:\"module_id\";s:1:\"1\";s:8:\"group_id\";s:1:\"3\";}', '1523869956'), ('65', '1', '127.0.0.1', '本机地址 本机地址  ', 'Mac', 'Firefox(59.0)', 'http://localhost:8011/admin/index/index.html', 'admin', 'Index', 'index', 'GET', 'a:0:{}', '1523869972'), ('66', '1', '127.0.0.1', '本机地址 本机地址  ', 'Mac', 'Firefox(59.0)', 'http://localhost:8011/admin/index/welcome.html', 'admin', 'Index', 'welcome', 'GET', 'a:0:{}', '1523869973'), ('67', '1', '127.0.0.1', '本机地址 本机地址  ', 'Mac', 'Firefox(59.0)', 'http://localhost:8011/admin/student_information/index.html', 'admin', 'StudentInformation', 'index', 'GET', 'a:0:{}', '1523869975'), ('68', '1', '127.0.0.1', '本机地址 本机地址  ', 'Mac', 'Firefox(59.0)', 'http://localhost:8011/admin/admin_group/index.html', 'admin', 'AdminGroup', 'index', 'GET', 'a:0:{}', '1523869982'), ('69', '1', '127.0.0.1', '本机地址 本机地址  ', 'Mac', 'Firefox(59.0)', 'http://localhost:8011/admin/admin_node/index.html', 'admin', 'AdminNode', 'index', 'GET', 'a:0:{}', '1523869982'), ('70', '1', '127.0.0.1', '本机地址 本机地址  ', 'Mac', 'Firefox(59.0)', 'http://localhost:8011/admin/admin_node/index', 'admin', 'AdminNode', 'index', 'POST', 'a:2:{s:4:\"type\";s:5:\"group\";s:9:\"module_id\";s:1:\"1\";}', '1523869982'), ('71', '1', '127.0.0.1', '本机地址 本机地址  ', 'Mac', 'Firefox(59.0)', 'http://localhost:8011/admin/admin_node/index', 'admin', 'AdminNode', 'index', 'POST', 'a:3:{s:4:\"type\";s:4:\"node\";s:9:\"module_id\";s:1:\"1\";s:8:\"group_id\";s:1:\"1\";}', '1523869982'), ('72', '1', '127.0.0.1', '本机地址 本机地址  ', 'Mac', 'Firefox(59.0)', 'http://localhost:8011/admin/admin_node/index', 'admin', 'AdminNode', 'index', 'POST', 'a:3:{s:4:\"type\";s:4:\"node\";s:9:\"module_id\";s:1:\"1\";s:8:\"group_id\";s:1:\"3\";}', '1523869985'), ('73', '1', '127.0.0.1', '本机地址 本机地址  ', 'Mac', 'Firefox(59.0)', 'http://localhost:8011/admin/admin_node/index', 'admin', 'AdminNode', 'index', 'POST', 'a:3:{s:4:\"type\";s:4:\"node\";s:9:\"module_id\";s:1:\"1\";s:8:\"group_id\";s:1:\"2\";}', '1523869987'), ('74', '1', '127.0.0.1', '本机地址 本机地址  ', 'Mac', 'Firefox(59.0)', 'http://localhost:8011/admin/admin_node/index', 'admin', 'AdminNode', 'index', 'POST', 'a:3:{s:4:\"type\";s:4:\"node\";s:9:\"module_id\";s:1:\"1\";s:8:\"group_id\";s:1:\"1\";}', '1523869988'), ('75', '1', '127.0.0.1', '本机地址 本机地址  ', 'Mac', 'Firefox(59.0)', 'http://localhost:8011/admin/admin_node/index', 'admin', 'AdminNode', 'index', 'POST', 'a:3:{s:4:\"type\";s:4:\"node\";s:9:\"module_id\";s:1:\"1\";s:8:\"group_id\";s:1:\"3\";}', '1523869989'), ('76', '1', '127.0.0.1', '本机地址 本机地址  ', 'Mac', 'Firefox(59.0)', 'http://localhost:8011/admin/admin_node/edit?id=63', 'admin', 'AdminNode', 'edit', 'GET', 'a:1:{s:2:\"id\";s:2:\"63\";}', '1523869994'), ('77', '1', '127.0.0.1', '本机地址 本机地址  ', 'Mac', 'Firefox(59.0)', 'http://localhost:8011/admin/admin_role/index.html', 'admin', 'AdminRole', 'index', 'GET', 'a:0:{}', '1523870002'), ('78', '1', '127.0.0.1', '本机地址 本机地址  ', 'Mac', 'Firefox(59.0)', 'http://localhost:8011/admin/student_information/index.html', 'admin', 'StudentInformation', 'index', 'GET', 'a:0:{}', '1523870021'), ('79', '1', '127.0.0.1', '本机地址 本机地址  ', 'Mac', 'Firefox(59.0)', 'http://localhost:8011/admin/admin_group/index.html', 'admin', 'AdminGroup', 'index', 'GET', 'a:0:{}', '1523870052'), ('80', '1', '127.0.0.1', '本机地址 本机地址  ', 'Mac', 'Firefox(59.0)', 'http://localhost:8011/admin/student_information/index.html', 'admin', 'StudentInformation', 'index', 'GET', 'a:0:{}', '1523870140'), ('81', '1', '127.0.0.1', '本机地址 本机地址  ', 'Mac', 'Firefox(59.0)', 'http://localhost:8011/admin/generate/index.html', 'admin', 'Generate', 'index', 'GET', 'a:0:{}', '1523870142'), ('82', '1', '127.0.0.1', '本机地址 本机地址  ', 'Mac', 'Firefox(59.0)', 'http://localhost:8011/admin/generate/index.html?table=tp_collage', 'admin', 'Generate', 'index', 'GET', 'a:1:{s:5:\"table\";s:10:\"tp_collage\";}', '1523870149'), ('83', '1', '127.0.0.1', '本机地址 本机地址  ', 'Mac', 'Firefox(59.0)', 'http://localhost:8011/admin/generate/index.html?table=tp_collage', 'admin', 'Generate', 'index', 'GET', 'a:1:{s:5:\"table\";s:10:\"tp_collage\";}', '1523870166'), ('84', '1', '127.0.0.1', '本机地址 本机地址  ', 'Mac', 'Firefox(59.0)', 'http://localhost:8011/admin/generate/run.html', 'admin', 'Generate', 'run', 'POST', 'a:9:{s:4:\"file\";s:3:\"all\";s:6:\"module\";s:5:\"admin\";s:10:\"controller\";s:7:\"Collage\";s:5:\"title\";s:0:\"\";s:4:\"form\";a:2:{i:1;a:7:{s:5:\"title\";s:6:\"编号\";s:4:\"name\";s:2:\"id\";s:4:\"type\";s:4:\"text\";s:6:\"option\";s:0:\"\";s:7:\"default\";s:0:\"\";s:11:\"search_type\";s:4:\"text\";s:8:\"validate\";a:3:{s:8:\"datatype\";s:0:\"\";s:7:\"nullmsg\";s:0:\"\";s:8:\"errormsg\";s:0:\"\";}}i:2;a:8:{s:5:\"title\";s:12:\"学院名称\";s:4:\"name\";s:12:\"collage_name\";s:4:\"type\";s:4:\"text\";s:6:\"option\";s:0:\"\";s:7:\"default\";s:0:\"\";s:6:\"search\";s:1:\"1\";s:11:\"search_type\";s:4:\"text\";s:8:\"validate\";a:3:{s:8:\"datatype\";s:0:\"\";s:7:\"nullmsg\";s:0:\"\";s:8:\"errormsg\";s:0:\"\";}}}s:4:\"menu\";a:6:{i:0;s:3:\"add\";i:1;s:6:\"forbid\";i:2;s:6:\"resume\";i:3;s:6:\"delete\";i:4;s:10:\"recycleBin\";i:5;s:9:\"saveOrder\";}s:5:\"model\";s:1:\"1\";s:14:\"auto_timestamp\";s:1:\"1\";s:8:\"validate\";s:1:\"1\";}', '1523870216'), ('85', '1', '127.0.0.1', '本机地址 本机地址  ', 'Mac', 'Firefox(59.0)', 'http://localhost:8011/admin/collage/index.html', 'admin', 'Collage', 'index', 'GET', 'a:0:{}', '1523870217'), ('86', '1', '127.0.0.1', '本机地址 本机地址  ', 'Mac', 'Firefox(59.0)', 'http://localhost:8011/admin/generate/index.html?table=tp_collage', 'admin', 'Generate', 'index', 'GET', 'a:1:{s:5:\"table\";s:10:\"tp_collage\";}', '1523870551'), ('87', '1', '127.0.0.1', '本机地址 本机地址  ', 'Mac', 'Firefox(59.0)', 'http://localhost:8011/admin/generate/index.html?table=tp_class', 'admin', 'Generate', 'index', 'GET', 'a:1:{s:5:\"table\";s:8:\"tp_class\";}', '1523870557'), ('88', '1', '127.0.0.1', '本机地址 本机地址  ', 'Mac', 'Firefox(59.0)', 'http://localhost:8011/admin/generate/index.html?table=tp_collage', 'admin', 'Generate', 'index', 'GET', 'a:1:{s:5:\"table\";s:10:\"tp_collage\";}', '1523870755'), ('89', '1', '127.0.0.1', '本机地址 本机地址  ', 'Mac', 'Firefox(59.0)', 'http://localhost:8011/admin/generate/run.html', 'admin', 'Generate', 'run', 'POST', 'a:9:{s:4:\"file\";s:3:\"all\";s:6:\"module\";s:5:\"admin\";s:10:\"controller\";s:7:\"Collage\";s:5:\"title\";s:0:\"\";s:4:\"form\";a:2:{i:1;a:7:{s:5:\"title\";s:0:\"\";s:4:\"name\";s:2:\"id\";s:4:\"type\";s:4:\"text\";s:6:\"option\";s:0:\"\";s:7:\"default\";s:0:\"\";s:11:\"search_type\";s:4:\"text\";s:8:\"validate\";a:3:{s:8:\"datatype\";s:0:\"\";s:7:\"nullmsg\";s:0:\"\";s:8:\"errormsg\";s:0:\"\";}}i:2;a:8:{s:5:\"title\";s:0:\"\";s:4:\"name\";s:12:\"collage_name\";s:4:\"type\";s:4:\"text\";s:6:\"option\";s:0:\"\";s:7:\"default\";s:0:\"\";s:6:\"search\";s:1:\"1\";s:11:\"search_type\";s:4:\"text\";s:8:\"validate\";a:3:{s:8:\"datatype\";s:0:\"\";s:7:\"nullmsg\";s:0:\"\";s:8:\"errormsg\";s:0:\"\";}}}s:4:\"menu\";a:6:{i:0;s:3:\"add\";i:1;s:6:\"forbid\";i:2;s:6:\"resume\";i:3;s:6:\"delete\";i:4;s:10:\"recycleBin\";i:5;s:9:\"saveOrder\";}s:5:\"model\";s:1:\"1\";s:14:\"auto_timestamp\";s:1:\"1\";s:8:\"validate\";s:1:\"1\";}', '1523871039'), ('90', '1', '127.0.0.1', '本机地址 本机地址  ', 'Mac', 'Firefox(59.0)', 'http://localhost:8011/admin/collage/index.html', 'admin', 'Collage', 'index', 'GET', 'a:0:{}', '1523871045'), ('91', '1', '127.0.0.1', '本机地址 本机地址  ', 'Mac', 'Firefox(59.0)', 'http://localhost:8011/admin/generate/index.html?table=tp_collage', 'admin', 'Generate', 'index', 'GET', 'a:1:{s:5:\"table\";s:10:\"tp_collage\";}', '1523871224'), ('92', '1', '127.0.0.1', '本机地址 本机地址  ', 'Mac', 'Firefox(59.0)', 'http://localhost:8011/admin/generate/run.html', 'admin', 'Generate', 'run', 'POST', 'a:9:{s:4:\"file\";s:3:\"all\";s:6:\"module\";s:5:\"admin\";s:10:\"controller\";s:7:\"Collage\";s:5:\"title\";s:0:\"\";s:4:\"form\";a:2:{i:1;a:7:{s:5:\"title\";s:6:\"编号\";s:4:\"name\";s:2:\"id\";s:4:\"type\";s:4:\"text\";s:6:\"option\";s:0:\"\";s:7:\"default\";s:0:\"\";s:11:\"search_type\";s:4:\"text\";s:8:\"validate\";a:3:{s:8:\"datatype\";s:0:\"\";s:7:\"nullmsg\";s:0:\"\";s:8:\"errormsg\";s:0:\"\";}}i:2;a:7:{s:5:\"title\";s:12:\"学院名称\";s:4:\"name\";s:12:\"collage_name\";s:4:\"type\";s:4:\"text\";s:6:\"option\";s:0:\"\";s:7:\"default\";s:0:\"\";s:11:\"search_type\";s:4:\"text\";s:8:\"validate\";a:3:{s:8:\"datatype\";s:0:\"\";s:7:\"nullmsg\";s:0:\"\";s:8:\"errormsg\";s:0:\"\";}}}s:4:\"menu\";a:6:{i:0;s:3:\"add\";i:1;s:6:\"forbid\";i:2;s:6:\"resume\";i:3;s:6:\"delete\";i:4;s:10:\"recycleBin\";i:5;s:9:\"saveOrder\";}s:5:\"model\";s:1:\"1\";s:14:\"auto_timestamp\";s:1:\"1\";s:8:\"validate\";s:1:\"1\";}', '1523871278'), ('93', '1', '127.0.0.1', '本机地址 本机地址  ', 'Mac', 'Firefox(59.0)', 'http://localhost:8011/admin/collage/index.html', 'admin', 'Collage', 'index', 'GET', 'a:0:{}', '1523871279'), ('94', '1', '127.0.0.1', '本机地址 本机地址  ', 'Mac', 'Firefox(59.0)', 'http://localhost:8011/admin/generate/run.html', 'admin', 'Generate', 'run', 'POST', 'a:9:{s:4:\"file\";s:3:\"all\";s:6:\"module\";s:5:\"admin\";s:10:\"controller\";s:7:\"Collage\";s:5:\"title\";s:0:\"\";s:4:\"form\";a:2:{i:1;a:7:{s:5:\"title\";s:6:\"编号\";s:4:\"name\";s:2:\"id\";s:4:\"type\";s:4:\"text\";s:6:\"option\";s:0:\"\";s:7:\"default\";s:0:\"\";s:11:\"search_type\";s:4:\"text\";s:8:\"validate\";a:3:{s:8:\"datatype\";s:0:\"\";s:7:\"nullmsg\";s:0:\"\";s:8:\"errormsg\";s:0:\"\";}}i:2;a:8:{s:5:\"title\";s:12:\"学院名称\";s:4:\"name\";s:12:\"collage_name\";s:4:\"type\";s:4:\"text\";s:6:\"option\";s:0:\"\";s:7:\"default\";s:0:\"\";s:6:\"search\";s:1:\"1\";s:11:\"search_type\";s:4:\"text\";s:8:\"validate\";a:3:{s:8:\"datatype\";s:0:\"\";s:7:\"nullmsg\";s:0:\"\";s:8:\"errormsg\";s:0:\"\";}}}s:4:\"menu\";a:6:{i:0;s:3:\"add\";i:1;s:6:\"forbid\";i:2;s:6:\"resume\";i:3;s:6:\"delete\";i:4;s:10:\"recycleBin\";i:5;s:9:\"saveOrder\";}s:5:\"model\";s:1:\"1\";s:14:\"auto_timestamp\";s:1:\"1\";s:8:\"validate\";s:1:\"1\";}', '1523871293'), ('95', '1', '127.0.0.1', '本机地址 本机地址  ', 'Mac', 'Firefox(59.0)', 'http://localhost:8011/admin/collage/index.html', 'admin', 'Collage', 'index', 'GET', 'a:0:{}', '1523871295'), ('96', '1', '127.0.0.1', '本机地址 本机地址  ', 'Mac', 'Firefox(59.0)', 'http://localhost:8011/admin/generate/index.html?table=tp_profession', 'admin', 'Generate', 'index', 'GET', 'a:1:{s:5:\"table\";s:13:\"tp_profession\";}', '1523871380'), ('97', '1', '127.0.0.1', '本机地址 本机地址  ', 'Mac', 'Firefox(59.0)', 'http://localhost:8011/admin/generate/run.html', 'admin', 'Generate', 'run', 'POST', 'a:9:{s:4:\"file\";s:3:\"all\";s:6:\"module\";s:5:\"admin\";s:10:\"controller\";s:10:\"Profession\";s:5:\"title\";s:0:\"\";s:4:\"form\";a:3:{i:1;a:8:{s:5:\"title\";s:6:\"编号\";s:4:\"name\";s:2:\"id\";s:4:\"type\";s:4:\"text\";s:6:\"option\";s:0:\"\";s:7:\"default\";s:0:\"\";s:6:\"search\";s:1:\"1\";s:11:\"search_type\";s:4:\"text\";s:8:\"validate\";a:3:{s:8:\"datatype\";s:0:\"\";s:7:\"nullmsg\";s:0:\"\";s:8:\"errormsg\";s:0:\"\";}}i:2;a:8:{s:5:\"title\";s:12:\"专业名称\";s:4:\"name\";s:15:\"profession_name\";s:4:\"type\";s:4:\"text\";s:6:\"option\";s:0:\"\";s:7:\"default\";s:0:\"\";s:6:\"search\";s:1:\"1\";s:11:\"search_type\";s:4:\"text\";s:8:\"validate\";a:3:{s:8:\"datatype\";s:0:\"\";s:7:\"nullmsg\";s:0:\"\";s:8:\"errormsg\";s:0:\"\";}}i:3;a:8:{s:5:\"title\";s:12:\"所属学院\";s:4:\"name\";s:10:\"collage_id\";s:4:\"type\";s:4:\"text\";s:6:\"option\";s:0:\"\";s:7:\"default\";s:0:\"\";s:6:\"search\";s:1:\"1\";s:11:\"search_type\";s:6:\"select\";s:8:\"validate\";a:3:{s:8:\"datatype\";s:0:\"\";s:7:\"nullmsg\";s:0:\"\";s:8:\"errormsg\";s:0:\"\";}}}s:4:\"menu\";a:6:{i:0;s:3:\"add\";i:1;s:6:\"forbid\";i:2;s:6:\"resume\";i:3;s:6:\"delete\";i:4;s:10:\"recycleBin\";i:5;s:9:\"saveOrder\";}s:5:\"model\";s:1:\"1\";s:14:\"auto_timestamp\";s:1:\"1\";s:8:\"validate\";s:1:\"1\";}', '1523871459'), ('98', '1', '127.0.0.1', '本机地址 本机地址  ', 'Mac', 'Firefox(59.0)', 'http://localhost:8011/admin/profession/index.html', 'admin', 'Profession', 'index', 'GET', 'a:0:{}', '1523871460'), ('99', '1', '127.0.0.1', '本机地址 本机地址  ', 'Mac', 'Firefox(59.0)', 'http://localhost:8011/admin/generate/index.html?table=tp_profession', 'admin', 'Generate', 'index', 'GET', 'a:1:{s:5:\"table\";s:13:\"tp_profession\";}', '1523871465'), ('100', '1', '127.0.0.1', '本机地址 本机地址  ', 'Mac', 'Firefox(59.0)', 'http://localhost:8011/admin/generate/index.html?table=tp_class', 'admin', 'Generate', 'index', 'GET', 'a:1:{s:5:\"table\";s:8:\"tp_class\";}', '1523871469'), ('101', '1', '127.0.0.1', '本机地址 本机地址  ', 'Mac', 'Firefox(59.0)', 'http://localhost:8011/admin/generate/run.html', 'admin', 'Generate', 'run', 'POST', 'a:9:{s:4:\"file\";s:3:\"all\";s:6:\"module\";s:5:\"admin\";s:10:\"controller\";s:5:\"Class\";s:5:\"title\";s:0:\"\";s:4:\"form\";a:4:{i:1;a:8:{s:5:\"title\";s:6:\"编号\";s:4:\"name\";s:2:\"id\";s:4:\"type\";s:4:\"text\";s:6:\"option\";s:0:\"\";s:7:\"default\";s:0:\"\";s:6:\"search\";s:1:\"1\";s:11:\"search_type\";s:4:\"text\";s:8:\"validate\";a:3:{s:8:\"datatype\";s:0:\"\";s:7:\"nullmsg\";s:0:\"\";s:8:\"errormsg\";s:0:\"\";}}i:2;a:8:{s:5:\"title\";s:12:\"班级名称\";s:4:\"name\";s:10:\"class_name\";s:4:\"type\";s:4:\"text\";s:6:\"option\";s:0:\"\";s:7:\"default\";s:0:\"\";s:6:\"search\";s:1:\"1\";s:11:\"search_type\";s:4:\"text\";s:8:\"validate\";a:3:{s:8:\"datatype\";s:0:\"\";s:7:\"nullmsg\";s:0:\"\";s:8:\"errormsg\";s:0:\"\";}}i:3;a:7:{s:5:\"title\";s:12:\"所属专业\";s:4:\"name\";s:13:\"profession_id\";s:4:\"type\";s:4:\"text\";s:6:\"option\";s:0:\"\";s:7:\"default\";s:0:\"\";s:11:\"search_type\";s:6:\"select\";s:8:\"validate\";a:3:{s:8:\"datatype\";s:0:\"\";s:7:\"nullmsg\";s:0:\"\";s:8:\"errormsg\";s:0:\"\";}}i:4;a:7:{s:5:\"title\";s:12:\"所属学院\";s:4:\"name\";s:10:\"collage_id\";s:4:\"type\";s:4:\"text\";s:6:\"option\";s:0:\"\";s:7:\"default\";s:0:\"\";s:11:\"search_type\";s:6:\"select\";s:8:\"validate\";a:3:{s:8:\"datatype\";s:0:\"\";s:7:\"nullmsg\";s:0:\"\";s:8:\"errormsg\";s:0:\"\";}}}s:4:\"menu\";a:6:{i:0;s:3:\"add\";i:1;s:6:\"forbid\";i:2;s:6:\"resume\";i:3;s:6:\"delete\";i:4;s:10:\"recycleBin\";i:5;s:9:\"saveOrder\";}s:5:\"model\";s:1:\"1\";s:14:\"auto_timestamp\";s:1:\"1\";s:8:\"validate\";s:1:\"1\";}', '1523871508'), ('102', '1', '127.0.0.1', '本机地址 本机地址  ', 'Mac', 'Firefox(59.0)', 'http://localhost:8011/admin/admin_group/index.html', 'admin', 'AdminGroup', 'index', 'GET', 'a:0:{}', '1523871513'), ('103', '1', '127.0.0.1', '本机地址 本机地址  ', 'Mac', 'Firefox(59.0)', 'http://localhost:8011/admin/admin_group/add.html', 'admin', 'AdminGroup', 'add', 'GET', 'a:0:{}', '1523871515'), ('104', '1', '127.0.0.1', '本机地址 本机地址  ', 'Mac', 'Firefox(59.0)', 'http://localhost:8011/admin/admin_group/add.html', 'admin', 'AdminGroup', 'add', 'POST', 'a:6:{s:2:\"id\";s:0:\"\";s:4:\"name\";s:12:\"学院信息\";s:4:\"icon\";s:0:\"\";s:4:\"sort\";s:1:\"5\";s:6:\"status\";s:1:\"1\";s:6:\"remark\";s:0:\"\";}', '1523871524'), ('105', '1', '127.0.0.1', '本机地址 本机地址  ', 'Mac', 'Firefox(59.0)', 'http://localhost:8011/admin/admin_group/index.html', 'admin', 'AdminGroup', 'index', 'GET', 'a:0:{}', '1523871524'), ('106', '1', '127.0.0.1', '本机地址 本机地址  ', 'Mac', 'Firefox(59.0)', 'http://localhost:8011/admin/admin_group/add.html', 'admin', 'AdminGroup', 'add', 'GET', 'a:0:{}', '1523871526'), ('107', '1', '127.0.0.1', '本机地址 本机地址  ', 'Mac', 'Firefox(59.0)', 'http://localhost:8011/admin/admin_group/add.html', 'admin', 'AdminGroup', 'add', 'POST', 'a:6:{s:2:\"id\";s:0:\"\";s:4:\"name\";s:12:\"专业信息\";s:4:\"icon\";s:0:\"\";s:4:\"sort\";s:1:\"6\";s:6:\"status\";s:1:\"1\";s:6:\"remark\";s:0:\"\";}', '1523871534'), ('108', '1', '127.0.0.1', '本机地址 本机地址  ', 'Mac', 'Firefox(59.0)', 'http://localhost:8011/admin/admin_group/index.html', 'admin', 'AdminGroup', 'index', 'GET', 'a:0:{}', '1523871534'), ('109', '1', '127.0.0.1', '本机地址 本机地址  ', 'Mac', 'Firefox(59.0)', 'http://localhost:8011/admin/admin_group/add.html', 'admin', 'AdminGroup', 'add', 'GET', 'a:0:{}', '1523871544'), ('110', '1', '127.0.0.1', '本机地址 本机地址  ', 'Mac', 'Firefox(59.0)', 'http://localhost:8011/admin/admin_group/add.html', 'admin', 'AdminGroup', 'add', 'POST', 'a:6:{s:2:\"id\";s:0:\"\";s:4:\"name\";s:12:\"班级信息\";s:4:\"icon\";s:0:\"\";s:4:\"sort\";s:1:\"7\";s:6:\"status\";s:1:\"1\";s:6:\"remark\";s:0:\"\";}', '1523871553'), ('111', '1', '127.0.0.1', '本机地址 本机地址  ', 'Mac', 'Firefox(59.0)', 'http://localhost:8011/admin/admin_group/index.html', 'admin', 'AdminGroup', 'index', 'GET', 'a:0:{}', '1523871553'), ('112', '1', '127.0.0.1', '本机地址 本机地址  ', 'Mac', 'Firefox(59.0)', 'http://localhost:8011/admin/admin_node/index.html', 'admin', 'AdminNode', 'index', 'GET', 'a:0:{}', '1523871554'), ('113', '1', '127.0.0.1', '本机地址 本机地址  ', 'Mac', 'Firefox(59.0)', 'http://localhost:8011/admin/admin_node/index', 'admin', 'AdminNode', 'index', 'POST', 'a:2:{s:4:\"type\";s:5:\"group\";s:9:\"module_id\";s:1:\"1\";}', '1523871554'), ('114', '1', '127.0.0.1', '本机地址 本机地址  ', 'Mac', 'Firefox(59.0)', 'http://localhost:8011/admin/admin_node/index', 'admin', 'AdminNode', 'index', 'POST', 'a:3:{s:4:\"type\";s:4:\"node\";s:9:\"module_id\";s:1:\"1\";s:8:\"group_id\";s:1:\"1\";}', '1523871554'), ('115', '1', '127.0.0.1', '本机地址 本机地址  ', 'Mac', 'Firefox(59.0)', 'http://localhost:8011/admin/admin_node/add?pid=1', 'admin', 'AdminNode', 'add', 'GET', 'a:1:{s:3:\"pid\";s:1:\"1\";}', '1523871557'), ('116', '1', '127.0.0.1', '本机地址 本机地址  ', 'Mac', 'Firefox(59.0)', 'http://localhost:8011/admin/admin_node/add', 'admin', 'AdminNode', 'add', 'POST', 'a:9:{s:2:\"id\";s:0:\"\";s:3:\"pid\";s:1:\"1\";s:5:\"level\";s:1:\"2\";s:8:\"group_id\";s:1:\"4\";s:5:\"title\";s:12:\"学院信息\";s:4:\"name\";s:7:\"Collage\";s:4:\"type\";s:1:\"1\";s:4:\"sort\";s:2:\"50\";s:6:\"status\";s:1:\"1\";}', '1523871583'), ('117', '1', '127.0.0.1', '本机地址 本机地址  ', 'Mac', 'Firefox(59.0)', 'http://localhost:8011/admin/admin_node/index.html', 'admin', 'AdminNode', 'index', 'GET', 'a:0:{}', '1523871583'), ('118', '1', '127.0.0.1', '本机地址 本机地址  ', 'Mac', 'Firefox(59.0)', 'http://localhost:8011/admin/admin_node/index', 'admin', 'AdminNode', 'index', 'POST', 'a:2:{s:4:\"type\";s:5:\"group\";s:9:\"module_id\";s:1:\"1\";}', '1523871583'), ('119', '1', '127.0.0.1', '本机地址 本机地址  ', 'Mac', 'Firefox(59.0)', 'http://localhost:8011/admin/admin_node/index', 'admin', 'AdminNode', 'index', 'POST', 'a:3:{s:4:\"type\";s:4:\"node\";s:9:\"module_id\";s:1:\"1\";s:8:\"group_id\";s:1:\"1\";}', '1523871583'), ('120', '1', '127.0.0.1', '本机地址 本机地址  ', 'Mac', 'Firefox(59.0)', 'http://localhost:8011/admin/admin_node/add?pid=1', 'admin', 'AdminNode', 'add', 'GET', 'a:1:{s:3:\"pid\";s:1:\"1\";}', '1523871586'), ('121', '1', '127.0.0.1', '本机地址 本机地址  ', 'Mac', 'Firefox(59.0)', 'http://localhost:8011/admin/admin_node/add', 'admin', 'AdminNode', 'add', 'POST', 'a:9:{s:2:\"id\";s:0:\"\";s:3:\"pid\";s:1:\"1\";s:5:\"level\";s:1:\"2\";s:8:\"group_id\";s:1:\"5\";s:5:\"title\";s:12:\"专业信息\";s:4:\"name\";s:10:\"Profession\";s:4:\"type\";s:1:\"1\";s:4:\"sort\";s:2:\"50\";s:6:\"status\";s:1:\"1\";}', '1523871602'), ('122', '1', '127.0.0.1', '本机地址 本机地址  ', 'Mac', 'Firefox(59.0)', 'http://localhost:8011/admin/admin_node/index.html', 'admin', 'AdminNode', 'index', 'GET', 'a:0:{}', '1523871602'), ('123', '1', '127.0.0.1', '本机地址 本机地址  ', 'Mac', 'Firefox(59.0)', 'http://localhost:8011/admin/admin_node/index', 'admin', 'AdminNode', 'index', 'POST', 'a:2:{s:4:\"type\";s:5:\"group\";s:9:\"module_id\";s:1:\"1\";}', '1523871602'), ('124', '1', '127.0.0.1', '本机地址 本机地址  ', 'Mac', 'Firefox(59.0)', 'http://localhost:8011/admin/admin_node/index', 'admin', 'AdminNode', 'index', 'POST', 'a:3:{s:4:\"type\";s:4:\"node\";s:9:\"module_id\";s:1:\"1\";s:8:\"group_id\";s:1:\"1\";}', '1523871602'), ('125', '1', '127.0.0.1', '本机地址 本机地址  ', 'Mac', 'Firefox(59.0)', 'http://localhost:8011/admin/admin_node/add?pid=1', 'admin', 'AdminNode', 'add', 'GET', 'a:1:{s:3:\"pid\";s:1:\"1\";}', '1523871604'), ('126', '1', '127.0.0.1', '本机地址 本机地址  ', 'Mac', 'Firefox(59.0)', 'http://localhost:8011/admin/generate/index.html', 'admin', 'Generate', 'index', 'GET', 'a:0:{}', '1523871670'), ('127', '1', '127.0.0.1', '本机地址 本机地址  ', 'Mac', 'Firefox(59.0)', 'http://localhost:8011/admin/generate/index.html?table=tp_class_infor', 'admin', 'Generate', 'index', 'GET', 'a:1:{s:5:\"table\";s:14:\"tp_class_infor\";}', '1523871675'), ('128', '1', '127.0.0.1', '本机地址 本机地址  ', 'Mac', 'Firefox(59.0)', 'http://localhost:8011/admin/generate/run.html', 'admin', 'Generate', 'run', 'POST', 'a:9:{s:4:\"file\";s:3:\"all\";s:6:\"module\";s:5:\"admin\";s:10:\"controller\";s:10:\"ClassInfor\";s:5:\"title\";s:0:\"\";s:4:\"form\";a:4:{i:1;a:8:{s:5:\"title\";s:6:\"编号\";s:4:\"name\";s:2:\"id\";s:4:\"type\";s:4:\"text\";s:6:\"option\";s:0:\"\";s:7:\"default\";s:0:\"\";s:6:\"search\";s:1:\"1\";s:11:\"search_type\";s:4:\"text\";s:8:\"validate\";a:3:{s:8:\"datatype\";s:0:\"\";s:7:\"nullmsg\";s:0:\"\";s:8:\"errormsg\";s:0:\"\";}}i:2;a:8:{s:5:\"title\";s:12:\"班级名称\";s:4:\"name\";s:10:\"class_name\";s:4:\"type\";s:4:\"text\";s:6:\"option\";s:0:\"\";s:7:\"default\";s:0:\"\";s:6:\"search\";s:1:\"1\";s:11:\"search_type\";s:4:\"text\";s:8:\"validate\";a:3:{s:8:\"datatype\";s:0:\"\";s:7:\"nullmsg\";s:0:\"\";s:8:\"errormsg\";s:0:\"\";}}i:3;a:8:{s:5:\"title\";s:12:\"所属专业\";s:4:\"name\";s:13:\"profession_id\";s:4:\"type\";s:4:\"text\";s:6:\"option\";s:0:\"\";s:7:\"default\";s:0:\"\";s:6:\"search\";s:1:\"1\";s:11:\"search_type\";s:6:\"select\";s:8:\"validate\";a:3:{s:8:\"datatype\";s:0:\"\";s:7:\"nullmsg\";s:0:\"\";s:8:\"errormsg\";s:0:\"\";}}i:4;a:8:{s:5:\"title\";s:12:\"所属学院\";s:4:\"name\";s:10:\"collage_id\";s:4:\"type\";s:4:\"text\";s:6:\"option\";s:0:\"\";s:7:\"default\";s:0:\"\";s:6:\"search\";s:1:\"1\";s:11:\"search_type\";s:6:\"select\";s:8:\"validate\";a:3:{s:8:\"datatype\";s:0:\"\";s:7:\"nullmsg\";s:0:\"\";s:8:\"errormsg\";s:0:\"\";}}}s:4:\"menu\";a:6:{i:0;s:3:\"add\";i:1;s:6:\"forbid\";i:2;s:6:\"resume\";i:3;s:6:\"delete\";i:4;s:10:\"recycleBin\";i:5;s:9:\"saveOrder\";}s:5:\"model\";s:1:\"1\";s:14:\"auto_timestamp\";s:1:\"1\";s:8:\"validate\";s:1:\"1\";}', '1523871708'), ('129', '1', '127.0.0.1', '本机地址 本机地址  ', 'Mac', 'Firefox(59.0)', 'http://localhost:8011/admin/class_infor/index.html', 'admin', 'ClassInfor', 'index', 'GET', 'a:0:{}', '1523871710'), ('130', '1', '127.0.0.1', '本机地址 本机地址  ', 'Mac', 'Firefox(59.0)', 'http://localhost:8011/admin/admin_group/index.html', 'admin', 'AdminGroup', 'index', 'GET', 'a:0:{}', '1523871759'), ('131', '1', '127.0.0.1', '本机地址 本机地址  ', 'Mac', 'Firefox(59.0)', 'http://localhost:8011/admin/admin_node/index.html', 'admin', 'AdminNode', 'index', 'GET', 'a:0:{}', '1523871761'), ('132', '1', '127.0.0.1', '本机地址 本机地址  ', 'Mac', 'Firefox(59.0)', 'http://localhost:8011/admin/admin_node/index', 'admin', 'AdminNode', 'index', 'POST', 'a:2:{s:4:\"type\";s:5:\"group\";s:9:\"module_id\";s:1:\"1\";}', '1523871761'), ('133', '1', '127.0.0.1', '本机地址 本机地址  ', 'Mac', 'Firefox(59.0)', 'http://localhost:8011/admin/admin_node/index', 'admin', 'AdminNode', 'index', 'POST', 'a:3:{s:4:\"type\";s:4:\"node\";s:9:\"module_id\";s:1:\"1\";s:8:\"group_id\";s:1:\"1\";}', '1523871761'), ('134', '1', '127.0.0.1', '本机地址 本机地址  ', 'Mac', 'Firefox(59.0)', 'http://localhost:8011/admin/admin_node/add?pid=1', 'admin', 'AdminNode', 'add', 'GET', 'a:1:{s:3:\"pid\";s:1:\"1\";}', '1523871763'), ('135', '1', '127.0.0.1', '本机地址 本机地址  ', 'Mac', 'Firefox(59.0)', 'http://localhost:8011/admin/admin_node/add', 'admin', 'AdminNode', 'add', 'POST', 'a:9:{s:2:\"id\";s:0:\"\";s:3:\"pid\";s:1:\"1\";s:5:\"level\";s:1:\"2\";s:8:\"group_id\";s:1:\"6\";s:5:\"title\";s:12:\"班级信息\";s:4:\"name\";s:10:\"ClassInfor\";s:4:\"type\";s:1:\"1\";s:4:\"sort\";s:2:\"50\";s:6:\"status\";s:1:\"1\";}', '1523871779'), ('136', '1', '127.0.0.1', '本机地址 本机地址  ', 'Mac', 'Firefox(59.0)', 'http://localhost:8011/admin/admin_node/index.html', 'admin', 'AdminNode', 'index', 'GET', 'a:0:{}', '1523871779'), ('137', '1', '127.0.0.1', '本机地址 本机地址  ', 'Mac', 'Firefox(59.0)', 'http://localhost:8011/admin/admin_node/index', 'admin', 'AdminNode', 'index', 'POST', 'a:2:{s:4:\"type\";s:5:\"group\";s:9:\"module_id\";s:1:\"1\";}', '1523871779'), ('138', '1', '127.0.0.1', '本机地址 本机地址  ', 'Mac', 'Firefox(59.0)', 'http://localhost:8011/admin/admin_node/index', 'admin', 'AdminNode', 'index', 'POST', 'a:3:{s:4:\"type\";s:4:\"node\";s:9:\"module_id\";s:1:\"1\";s:8:\"group_id\";s:1:\"1\";}', '1523871780'), ('139', '1', '127.0.0.1', '本机地址 本机地址  ', 'Mac', 'Firefox(59.0)', 'http://localhost:8011/admin/index/index.html', 'admin', 'Index', 'index', 'GET', 'a:0:{}', '1523871793'), ('140', '1', '127.0.0.1', '本机地址 本机地址  ', 'Mac', 'Firefox(59.0)', 'http://localhost:8011/admin/index/welcome.html', 'admin', 'Index', 'welcome', 'GET', 'a:0:{}', '1523871793'), ('141', '1', '127.0.0.1', '本机地址 本机地址  ', 'Mac', 'Firefox(59.0)', 'http://localhost:8011/admin/collage/index.html', 'admin', 'Collage', 'index', 'GET', 'a:0:{}', '1523871795'), ('142', '1', '127.0.0.1', '本机地址 本机地址  ', 'Mac', 'Firefox(59.0)', 'http://localhost:8011/admin/collage/add.html', 'admin', 'Collage', 'add', 'GET', 'a:0:{}', '1523871798'), ('143', '1', '127.0.0.1', '本机地址 本机地址  ', 'Mac', 'Firefox(59.0)', 'http://localhost:8011/admin/collage/add.html', 'admin', 'Collage', 'add', 'POST', 'a:2:{s:2:\"id\";s:0:\"\";s:12:\"collage_name\";s:24:\"河北大学工商学院\";}', '1523872028'), ('144', '1', '127.0.0.1', '本机地址 本机地址  ', 'Mac', 'Firefox(59.0)', 'http://localhost:8011/admin/collage/index.html', 'admin', 'Collage', 'index', 'GET', 'a:0:{}', '1523872028'), ('145', '1', '127.0.0.1', '本机地址 本机地址  ', 'Mac', 'Firefox(59.0)', 'http://localhost:8011/admin/profession/index.html', 'admin', 'Profession', 'index', 'GET', 'a:0:{}', '1523872036'), ('146', '1', '127.0.0.1', '本机地址 本机地址  ', 'Mac', 'Firefox(59.0)', 'http://localhost:8011/admin/profession/add.html', 'admin', 'Profession', 'add', 'GET', 'a:0:{}', '1523872037'), ('147', '1', '127.0.0.1', '本机地址 本机地址  ', 'Mac', 'Firefox(59.0)', 'http://localhost:8011/admin/profession/add.html', 'admin', 'Profession', 'add', 'POST', 'a:3:{s:2:\"id\";s:0:\"\";s:15:\"profession_name\";s:12:\"软件工程\";s:10:\"collage_id\";s:1:\"1\";}', '1523872063'), ('148', '1', '127.0.0.1', '本机地址 本机地址  ', 'Mac', 'Firefox(59.0)', 'http://localhost:8011/admin/profession/index.html', 'admin', 'Profession', 'index', 'GET', 'a:0:{}', '1523872063'), ('149', '1', '127.0.0.1', '本机地址 本机地址  ', 'Mac', 'Firefox(59.0)', 'http://localhost:8011/admin/class_infor/index.html', 'admin', 'ClassInfor', 'index', 'GET', 'a:0:{}', '1523872077'), ('150', '1', '127.0.0.1', '本机地址 本机地址  ', 'Mac', 'Firefox(59.0)', 'http://localhost:8011/admin/class_infor/add.html', 'admin', 'ClassInfor', 'add', 'GET', 'a:0:{}', '1523872079'), ('151', '1', '127.0.0.1', '本机地址 本机地址  ', 'Mac', 'Firefox(59.0)', 'http://localhost:8011/admin/class_infor/add.html', 'admin', 'ClassInfor', 'add', 'POST', 'a:4:{s:2:\"id\";s:0:\"\";s:10:\"class_name\";s:8:\"14软一\";s:13:\"profession_id\";s:1:\"1\";s:10:\"collage_id\";s:1:\"1\";}', '1523872091'), ('152', '1', '127.0.0.1', '本机地址 本机地址  ', 'Mac', 'Firefox(59.0)', 'http://localhost:8011/admin/class_infor/index.html', 'admin', 'ClassInfor', 'index', 'GET', 'a:0:{}', '1523872091'), ('153', '1', '127.0.0.1', '本机地址 本机地址  ', 'Mac', 'Firefox(59.0)', 'http://localhost:8011/admin/profession/index.html', 'admin', 'Profession', 'index', 'GET', 'a:0:{}', '1523872096'), ('154', '1', '127.0.0.1', '本机地址 本机地址  ', 'Mac', 'Firefox(59.0)', 'http://localhost:8011/admin/profession/edit/id/1.html', 'admin', 'Profession', 'edit', 'GET', 'a:1:{s:2:\"id\";s:1:\"1\";}', '1523872106');
COMMIT;

SET FOREIGN_KEY_CHECKS = 1;
